current_workflow,product_list
Spreadsheet + checklist + meeting notes,"Improve export fidelity for client, compliance, and leadership audiences"
Spreadsheet + checklist + meeting notes,"Strengthen versioning, assumptions tracking, and appendix logic"
Spreadsheet + checklist + meeting notes,"Improve export fidelity for client, compliance, and leadership audiences"
Checklist + legacy planning tool + screenshots,"Invest in permissions, logging, and governance controls"
Checklist + legacy planning tool + screenshots,"Improve export fidelity for client, compliance, and leadership audiences"
Spreadsheet + checklist + meeting notes,Prioritize fast-path intake and answer-screen workflow
Spreadsheet + checklist + meeting notes,"Strengthen versioning, assumptions tracking, and appendix logic"
Spreadsheet + checklist + meeting notes,"Invest in permissions, logging, and governance controls"
Spreadsheet + checklist + meeting notes,"Improve export fidelity for client, compliance, and leadership audiences"
Spreadsheet + CRM notes + PDF exports,Prioritize fast-path intake and answer-screen workflow
Spreadsheet + CRM notes + PDF exports,"Strengthen versioning, assumptions tracking, and appendix logic"
Spreadsheet + CRM notes + PDF exports,"Invest in permissions, logging, and governance controls"
Spreadsheet + CRM notes + PDF exports,"Improve export fidelity for client, compliance, and leadership audiences"
Spreadsheet + checklist + meeting notes,"Strengthen versioning, assumptions tracking, and appendix logic"
Spreadsheet + checklist + meeting notes,"Improve export fidelity for client, compliance, and leadership audiences"
Spreadsheet + CRM notes + PDF exports,"Improve export fidelity for client, compliance, and leadership audiences"
Spreadsheet + CRM notes + PDF exports,Prioritize fast-path intake and answer-screen workflow
Spreadsheet + CRM notes + PDF exports,"Improve export fidelity for client, compliance, and leadership audiences"
Spreadsheet + checklist + meeting notes,Prioritize fast-path intake and answer-screen workflow
Spreadsheet + checklist + meeting notes,Prioritize fast-path intake and answer-screen workflow
Spreadsheet + checklist + meeting notes,"Strengthen versioning, assumptions tracking, and appendix logic"
Spreadsheet + checklist + meeting notes,"Improve export fidelity for client, compliance, and leadership audiences"
Spreadsheet + CRM notes + PDF exports,Prioritize fast-path intake and answer-screen workflow
Spreadsheet + CRM notes + PDF exports,"Strengthen versioning, assumptions tracking, and appendix logic"
Spreadsheet + checklist + meeting notes,Prioritize fast-path intake and answer-screen workflow
Spreadsheet + checklist + meeting notes,"Improve export fidelity for client, compliance, and leadership audiences"
Checklist + legacy planning tool + screenshots,Prioritize fast-path intake and answer-screen workflow
Checklist + legacy planning tool + screenshots,"Improve export fidelity for client, compliance, and leadership audiences"
Checklist + legacy planning tool + screenshots,Prioritize fast-path intake and answer-screen workflow
Checklist + legacy planning tool + screenshots,"Invest in permissions, logging, and governance controls"
Spreadsheet + checklist + meeting notes,Prioritize fast-path intake and answer-screen workflow
Spreadsheet + checklist + meeting notes,"Strengthen versioning, assumptions tracking, and appendix logic"
Spreadsheet + checklist + meeting notes,"Invest in permissions, logging, and governance controls"
Spreadsheet + checklist + meeting notes,"Treat Section 87 as a first-class workflow, not an exception path"
Spreadsheet + checklist + meeting notes,"Improve export fidelity for client, compliance, and leadership audiences"
Spreadsheet + checklist + meeting notes,"Improve export fidelity for client, compliance, and leadership audiences"
Spreadsheet + checklist + meeting notes,Prioritize fast-path intake and answer-screen workflow
Spreadsheet + checklist + meeting notes,"Strengthen versioning, assumptions tracking, and appendix logic"
Spreadsheet + CRM notes + PDF exports,Prioritize fast-path intake and answer-screen workflow
Checklist + legacy planning tool + screenshots,Prioritize fast-path intake and answer-screen workflow
Spreadsheet + checklist + meeting notes,
Spreadsheet + CRM notes + PDF exports,Prioritize fast-path intake and answer-screen workflow
Spreadsheet + CRM notes + PDF exports,"Strengthen versioning, assumptions tracking, and appendix logic"
Spreadsheet + CRM notes + PDF exports,"Improve export fidelity for client, compliance, and leadership audiences"
Checklist + legacy planning tool + screenshots,Prioritize fast-path intake and answer-screen workflow
Checklist + legacy planning tool + screenshots,"Invest in permissions, logging, and governance controls"
Spreadsheet + checklist + meeting notes,Prioritize fast-path intake and answer-screen workflow
Spreadsheet + checklist + meeting notes,"Improve export fidelity for client, compliance, and leadership audiences"
Spreadsheet + checklist + meeting notes,Prioritize fast-path intake and answer-screen workflow
Spreadsheet + checklist + meeting notes,"Improve export fidelity for client, compliance, and leadership audiences"
Spreadsheet + checklist + meeting notes,"Improve export fidelity for client, compliance, and leadership audiences"
Spreadsheet + checklist + meeting notes,Prioritize fast-path intake and answer-screen workflow
Spreadsheet + checklist + meeting notes,"Strengthen versioning, assumptions tracking, and appendix logic"
Spreadsheet + checklist + meeting notes,"Improve export fidelity for client, compliance, and leadership audiences"
Spreadsheet + checklist + meeting notes,Prioritize fast-path intake and answer-screen workflow
Spreadsheet + checklist + meeting notes,"Improve export fidelity for client, compliance, and leadership audiences"
Spreadsheet + CRM notes + PDF exports,Prioritize fast-path intake and answer-screen workflow
Spreadsheet + CRM notes + PDF exports,"Treat Section 87 as a first-class workflow, not an exception path"
Spreadsheet + CRM notes + PDF exports,"Improve export fidelity for client, compliance, and leadership audiences"
Spreadsheet + checklist + meeting notes,Prioritize fast-path intake and answer-screen workflow
Spreadsheet + checklist + meeting notes,"Strengthen versioning, assumptions tracking, and appendix logic"
Spreadsheet + checklist + meeting notes,"Improve export fidelity for client, compliance, and leadership audiences"
Checklist + legacy planning tool + screenshots,Prioritize fast-path intake and answer-screen workflow
Checklist + legacy planning tool + screenshots,"Treat Section 87 as a first-class workflow, not an exception path"
Checklist + legacy planning tool + screenshots,"Improve export fidelity for client, compliance, and leadership audiences"
Spreadsheet + CRM notes + PDF exports,Prioritize fast-path intake and answer-screen workflow
Spreadsheet + CRM notes + PDF exports,"Improve export fidelity for client, compliance, and leadership audiences"
Spreadsheet + CRM notes + PDF exports,Prioritize fast-path intake and answer-screen workflow
Spreadsheet + CRM notes + PDF exports,"Improve export fidelity for client, compliance, and leadership audiences"
Spreadsheet + CRM notes + PDF exports,"Improve export fidelity for client, compliance, and leadership audiences"
Spreadsheet + checklist + meeting notes,"Strengthen versioning, assumptions tracking, and appendix logic"
Spreadsheet + checklist + meeting notes,"Invest in permissions, logging, and governance controls"
Spreadsheet + checklist + meeting notes,"Improve export fidelity for client, compliance, and leadership audiences"
Spreadsheet + checklist + meeting notes,Prioritize fast-path intake and answer-screen workflow
Spreadsheet + checklist + meeting notes,"Improve export fidelity for client, compliance, and leadership audiences"
Checklist + legacy planning tool + screenshots,Prioritize fast-path intake and answer-screen workflow
Checklist + legacy planning tool + screenshots,"Strengthen versioning, assumptions tracking, and appendix logic"
Checklist + legacy planning tool + screenshots,"Improve export fidelity for client, compliance, and leadership audiences"
Spreadsheet + checklist + meeting notes,Prioritize fast-path intake and answer-screen workflow
Spreadsheet + checklist + meeting notes,"Improve export fidelity for client, compliance, and leadership audiences"
Spreadsheet + checklist + meeting notes,Prioritize fast-path intake and answer-screen workflow
Spreadsheet + checklist + meeting notes,"Improve export fidelity for client, compliance, and leadership audiences"
Spreadsheet + checklist + meeting notes,Prioritize fast-path intake and answer-screen workflow
Spreadsheet + checklist + meeting notes,Prioritize fast-path intake and answer-screen workflow
Spreadsheet + checklist + meeting notes,"Strengthen versioning, assumptions tracking, and appendix logic"
Spreadsheet + checklist + meeting notes,"Improve export fidelity for client, compliance, and leadership audiences"
Checklist + legacy planning tool + screenshots,"Invest in permissions, logging, and governance controls"
Checklist + legacy planning tool + screenshots,"Treat Section 87 as a first-class workflow, not an exception path"
Checklist + legacy planning tool + screenshots,"Improve export fidelity for client, compliance, and leadership audiences"
Spreadsheet + checklist + meeting notes,"Strengthen versioning, assumptions tracking, and appendix logic"
Spreadsheet + checklist + meeting notes,"Improve export fidelity for client, compliance, and leadership audiences"
Spreadsheet + CRM notes + PDF exports,Prioritize fast-path intake and answer-screen workflow
Spreadsheet + checklist + meeting notes,Prioritize fast-path intake and answer-screen workflow
Spreadsheet + checklist + meeting notes,"Strengthen versioning, assumptions tracking, and appendix logic"
Spreadsheet + checklist + meeting notes,"Improve export fidelity for client, compliance, and leadership audiences"
Spreadsheet + checklist + meeting notes,Prioritize fast-path intake and answer-screen workflow
Spreadsheet + checklist + meeting notes,"Strengthen versioning, assumptions tracking, and appendix logic"
Spreadsheet + checklist + meeting notes,"Treat Section 87 as a first-class workflow, not an exception path"
Spreadsheet + checklist + meeting notes,Prioritize fast-path intake and answer-screen workflow
Spreadsheet + checklist + meeting notes,"Strengthen versioning, assumptions tracking, and appendix logic"
Spreadsheet + CRM notes + PDF exports,Prioritize fast-path intake and answer-screen workflow
Spreadsheet + CRM notes + PDF exports,"Strengthen versioning, assumptions tracking, and appendix logic"
Spreadsheet + CRM notes + PDF exports,"Improve export fidelity for client, compliance, and leadership audiences"
Spreadsheet + checklist + meeting notes,Prioritize fast-path intake and answer-screen workflow
Spreadsheet + checklist + meeting notes,"Strengthen versioning, assumptions tracking, and appendix logic"
Spreadsheet + checklist + meeting notes,"Invest in permissions, logging, and governance controls"
Spreadsheet + checklist + meeting notes,"Improve export fidelity for client, compliance, and leadership audiences"
Spreadsheet + checklist + meeting notes,Prioritize fast-path intake and answer-screen workflow
Spreadsheet + checklist + meeting notes,"Improve export fidelity for client, compliance, and leadership audiences"
Spreadsheet + CRM notes + PDF exports,Prioritize fast-path intake and answer-screen workflow
Spreadsheet + CRM notes + PDF exports,"Improve export fidelity for client, compliance, and leadership audiences"
Spreadsheet + checklist + meeting notes,Prioritize fast-path intake and answer-screen workflow
Spreadsheet + checklist + meeting notes,"Improve export fidelity for client, compliance, and leadership audiences"
Spreadsheet + checklist + meeting notes,Prioritize fast-path intake and answer-screen workflow
Spreadsheet + checklist + meeting notes,"Strengthen versioning, assumptions tracking, and appendix logic"
Spreadsheet + checklist + meeting notes,"Invest in permissions, logging, and governance controls"
Spreadsheet + checklist + meeting notes,"Improve export fidelity for client, compliance, and leadership audiences"
Spreadsheet + CRM notes + PDF exports,"Improve export fidelity for client, compliance, and leadership audiences"
Checklist + legacy planning tool + screenshots,Prioritize fast-path intake and answer-screen workflow
Checklist + legacy planning tool + screenshots,"Improve export fidelity for client, compliance, and leadership audiences"
Spreadsheet + checklist + meeting notes,Prioritize fast-path intake and answer-screen workflow
Spreadsheet + checklist + meeting notes,"Strengthen versioning, assumptions tracking, and appendix logic"
Spreadsheet + checklist + meeting notes,
Spreadsheet + checklist + meeting notes,Prioritize fast-path intake and answer-screen workflow
Spreadsheet + checklist + meeting notes,"Improve export fidelity for client, compliance, and leadership audiences"
Spreadsheet + checklist + meeting notes,Prioritize fast-path intake and answer-screen workflow
Spreadsheet + checklist + meeting notes,"Invest in permissions, logging, and governance controls"
Spreadsheet + checklist + meeting notes,"Improve export fidelity for client, compliance, and leadership audiences"
Spreadsheet + CRM notes + PDF exports,Prioritize fast-path intake and answer-screen workflow
Spreadsheet + CRM notes + PDF exports,"Strengthen versioning, assumptions tracking, and appendix logic"
Spreadsheet + checklist + meeting notes,"Strengthen versioning, assumptions tracking, and appendix logic"
Spreadsheet + checklist + meeting notes,"Invest in permissions, logging, and governance controls"
Spreadsheet + checklist + meeting notes,"Improve export fidelity for client, compliance, and leadership audiences"
Spreadsheet + checklist + meeting notes,Prioritize fast-path intake and answer-screen workflow
Spreadsheet + checklist + meeting notes,"Treat Section 87 as a first-class workflow, not an exception path"
Spreadsheet + checklist + meeting notes,"Improve export fidelity for client, compliance, and leadership audiences"
Spreadsheet + CRM notes + PDF exports,Prioritize fast-path intake and answer-screen workflow
Spreadsheet + CRM notes + PDF exports,"Improve export fidelity for client, compliance, and leadership audiences"
Spreadsheet + checklist + meeting notes,Prioritize fast-path intake and answer-screen workflow
Spreadsheet + checklist + meeting notes,"Strengthen versioning, assumptions tracking, and appendix logic"
Spreadsheet + checklist + meeting notes,"Improve export fidelity for client, compliance, and leadership audiences"
Spreadsheet + CRM notes + PDF exports,Prioritize fast-path intake and answer-screen workflow
Spreadsheet + CRM notes + PDF exports,"Treat Section 87 as a first-class workflow, not an exception path"
Spreadsheet + CRM notes + PDF exports,"Improve export fidelity for client, compliance, and leadership audiences"
Spreadsheet + CRM notes + PDF exports,Prioritize fast-path intake and answer-screen workflow
Spreadsheet + CRM notes + PDF exports,"Improve export fidelity for client, compliance, and leadership audiences"
Checklist + legacy planning tool + screenshots,Prioritize fast-path intake and answer-screen workflow
Checklist + legacy planning tool + screenshots,"Invest in permissions, logging, and governance controls"
Spreadsheet + checklist + meeting notes,Prioritize fast-path intake and answer-screen workflow
Spreadsheet + checklist + meeting notes,"Invest in permissions, logging, and governance controls"
Spreadsheet + checklist + meeting notes,"Improve export fidelity for client, compliance, and leadership audiences"
Checklist + legacy planning tool + screenshots,"Improve export fidelity for client, compliance, and leadership audiences"
Checklist + legacy planning tool + screenshots,Prioritize fast-path intake and answer-screen workflow
Spreadsheet + checklist + meeting notes,Prioritize fast-path intake and answer-screen workflow
Spreadsheet + checklist + meeting notes,"Improve export fidelity for client, compliance, and leadership audiences"
Spreadsheet + checklist + meeting notes,Prioritize fast-path intake and answer-screen workflow
Spreadsheet + checklist + meeting notes,"Improve export fidelity for client, compliance, and leadership audiences"
Checklist + legacy planning tool + screenshots,Prioritize fast-path intake and answer-screen workflow
Checklist + legacy planning tool + screenshots,"Improve export fidelity for client, compliance, and leadership audiences"
Spreadsheet + checklist + meeting notes,Prioritize fast-path intake and answer-screen workflow
Spreadsheet + checklist + meeting notes,"Improve export fidelity for client, compliance, and leadership audiences"
Spreadsheet + checklist + meeting notes,Prioritize fast-path intake and answer-screen workflow
Spreadsheet + checklist + meeting notes,"Improve export fidelity for client, compliance, and leadership audiences"
Spreadsheet + checklist + meeting notes,"Improve export fidelity for client, compliance, and leadership audiences"
Spreadsheet + CRM notes + PDF exports,Prioritize fast-path intake and answer-screen workflow
Spreadsheet + CRM notes + PDF exports,"Strengthen versioning, assumptions tracking, and appendix logic"
Spreadsheet + CRM notes + PDF exports,"Treat Section 87 as a first-class workflow, not an exception path"
Spreadsheet + CRM notes + PDF exports,"Improve export fidelity for client, compliance, and leadership audiences"
Checklist + legacy planning tool + screenshots,Prioritize fast-path intake and answer-screen workflow
Checklist + legacy planning tool + screenshots,"Improve export fidelity for client, compliance, and leadership audiences"
Spreadsheet + CRM notes + PDF exports,Prioritize fast-path intake and answer-screen workflow
Checklist + legacy planning tool + screenshots,"Strengthen versioning, assumptions tracking, and appendix logic"
Spreadsheet + checklist + meeting notes,Prioritize fast-path intake and answer-screen workflow
Spreadsheet + checklist + meeting notes,"Strengthen versioning, assumptions tracking, and appendix logic"
Spreadsheet + checklist + meeting notes,"Improve export fidelity for client, compliance, and leadership audiences"
Spreadsheet + checklist + meeting notes,Prioritize fast-path intake and answer-screen workflow
Spreadsheet + checklist + meeting notes,Prioritize fast-path intake and answer-screen workflow
Spreadsheet + checklist + meeting notes,"Strengthen versioning, assumptions tracking, and appendix logic"
Spreadsheet + checklist + meeting notes,"Improve export fidelity for client, compliance, and leadership audiences"
Spreadsheet + CRM notes + PDF exports,"Invest in permissions, logging, and governance controls"
Spreadsheet + CRM notes + PDF exports,"Improve export fidelity for client, compliance, and leadership audiences"
Checklist + legacy planning tool + screenshots,Prioritize fast-path intake and answer-screen workflow
Checklist + legacy planning tool + screenshots,"Improve export fidelity for client, compliance, and leadership audiences"
Spreadsheet + checklist + meeting notes,Prioritize fast-path intake and answer-screen workflow
Spreadsheet + checklist + meeting notes,"Strengthen versioning, assumptions tracking, and appendix logic"
Spreadsheet + checklist + meeting notes,"Invest in permissions, logging, and governance controls"
Spreadsheet + checklist + meeting notes,"Improve export fidelity for client, compliance, and leadership audiences"
Checklist + legacy planning tool + screenshots,Prioritize fast-path intake and answer-screen workflow
Checklist + legacy planning tool + screenshots,"Invest in permissions, logging, and governance controls"
Checklist + legacy planning tool + screenshots,"Improve export fidelity for client, compliance, and leadership audiences"
Spreadsheet + checklist + meeting notes,Prioritize fast-path intake and answer-screen workflow
Spreadsheet + checklist + meeting notes,"Treat Section 87 as a first-class workflow, not an exception path"
Spreadsheet + checklist + meeting notes,Prioritize fast-path intake and answer-screen workflow
Spreadsheet + checklist + meeting notes,"Improve export fidelity for client, compliance, and leadership audiences"
Spreadsheet + checklist + meeting notes,Prioritize fast-path intake and answer-screen workflow
Spreadsheet + checklist + meeting notes,"Strengthen versioning, assumptions tracking, and appendix logic"
Spreadsheet + checklist + meeting notes,"Invest in permissions, logging, and governance controls"
Spreadsheet + checklist + meeting notes,"Improve export fidelity for client, compliance, and leadership audiences"
Checklist + legacy planning tool + screenshots,Prioritize fast-path intake and answer-screen workflow
Checklist + legacy planning tool + screenshots,"Strengthen versioning, assumptions tracking, and appendix logic"
Checklist + legacy planning tool + screenshots,"Improve export fidelity for client, compliance, and leadership audiences"
Spreadsheet + checklist + meeting notes,Prioritize fast-path intake and answer-screen workflow
Spreadsheet + checklist + meeting notes,"Improve export fidelity for client, compliance, and leadership audiences"
Checklist + legacy planning tool + screenshots,Prioritize fast-path intake and answer-screen workflow
Checklist + legacy planning tool + screenshots,"Strengthen versioning, assumptions tracking, and appendix logic"
Spreadsheet + checklist + meeting notes,Prioritize fast-path intake and answer-screen workflow
Spreadsheet + checklist + meeting notes,"Improve export fidelity for client, compliance, and leadership audiences"
Spreadsheet + checklist + meeting notes,Prioritize fast-path intake and answer-screen workflow
Spreadsheet + checklist + meeting notes,"Invest in permissions, logging, and governance controls"
Spreadsheet + checklist + meeting notes,"Improve export fidelity for client, compliance, and leadership audiences"
Checklist + legacy planning tool + screenshots,Prioritize fast-path intake and answer-screen workflow
Checklist + legacy planning tool + screenshots,"Strengthen versioning, assumptions tracking, and appendix logic"
Checklist + legacy planning tool + screenshots,"Invest in permissions, logging, and governance controls"
Checklist + legacy planning tool + screenshots,"Improve export fidelity for client, compliance, and leadership audiences"
Spreadsheet + CRM notes + PDF exports,Prioritize fast-path intake and answer-screen workflow
Spreadsheet + CRM notes + PDF exports,"Strengthen versioning, assumptions tracking, and appendix logic"
Spreadsheet + CRM notes + PDF exports,"Improve export fidelity for client, compliance, and leadership audiences"
Spreadsheet + checklist + meeting notes,Prioritize fast-path intake and answer-screen workflow
Spreadsheet + checklist + meeting notes,"Improve export fidelity for client, compliance, and leadership audiences"
Checklist + legacy planning tool + screenshots,Prioritize fast-path intake and answer-screen workflow
Checklist + legacy planning tool + screenshots,"Strengthen versioning, assumptions tracking, and appendix logic"
Spreadsheet + checklist + meeting notes,Prioritize fast-path intake and answer-screen workflow
Spreadsheet + checklist + meeting notes,"Improve export fidelity for client, compliance, and leadership audiences"
Spreadsheet + checklist + meeting notes,Prioritize fast-path intake and answer-screen workflow
Spreadsheet + checklist + meeting notes,"Invest in permissions, logging, and governance controls"
Spreadsheet + checklist + meeting notes,Prioritize fast-path intake and answer-screen workflow
Spreadsheet + checklist + meeting notes,"Invest in permissions, logging, and governance controls"
Spreadsheet + checklist + meeting notes,"Improve export fidelity for client, compliance, and leadership audiences"
Spreadsheet + CRM notes + PDF exports,Prioritize fast-path intake and answer-screen workflow
Spreadsheet + CRM notes + PDF exports,"Improve export fidelity for client, compliance, and leadership audiences"
Checklist + legacy planning tool + screenshots,"Strengthen versioning, assumptions tracking, and appendix logic"
Spreadsheet + CRM notes + PDF exports,Prioritize fast-path intake and answer-screen workflow
Spreadsheet + CRM notes + PDF exports,"Strengthen versioning, assumptions tracking, and appendix logic"
Spreadsheet + CRM notes + PDF exports,"Improve export fidelity for client, compliance, and leadership audiences"
Spreadsheet + CRM notes + PDF exports,Prioritize fast-path intake and answer-screen workflow
Spreadsheet + CRM notes + PDF exports,"Invest in permissions, logging, and governance controls"
Spreadsheet + CRM notes + PDF exports,"Improve export fidelity for client, compliance, and leadership audiences"
Spreadsheet + CRM notes + PDF exports,Prioritize fast-path intake and answer-screen workflow
Spreadsheet + CRM notes + PDF exports,"Invest in permissions, logging, and governance controls"
Spreadsheet + CRM notes + PDF exports,"Improve export fidelity for client, compliance, and leadership audiences"
Spreadsheet + checklist + meeting notes,Prioritize fast-path intake and answer-screen workflow
Spreadsheet + checklist + meeting notes,"Improve export fidelity for client, compliance, and leadership audiences"
Spreadsheet + CRM notes + PDF exports,Prioritize fast-path intake and answer-screen workflow
Spreadsheet + CRM notes + PDF exports,"Strengthen versioning, assumptions tracking, and appendix logic"
Spreadsheet + CRM notes + PDF exports,"Invest in permissions, logging, and governance controls"
Spreadsheet + CRM notes + PDF exports,"Improve export fidelity for client, compliance, and leadership audiences"
Checklist + legacy planning tool + screenshots,Prioritize fast-path intake and answer-screen workflow
Checklist + legacy planning tool + screenshots,"Strengthen versioning, assumptions tracking, and appendix logic"
Checklist + legacy planning tool + screenshots,"Improve export fidelity for client, compliance, and leadership audiences"
Spreadsheet + checklist + meeting notes,Prioritize fast-path intake and answer-screen workflow
Spreadsheet + checklist + meeting notes,"Strengthen versioning, assumptions tracking, and appendix logic"
Spreadsheet + checklist + meeting notes,"Invest in permissions, logging, and governance controls"
Spreadsheet + checklist + meeting notes,"Improve export fidelity for client, compliance, and leadership audiences"
Spreadsheet + checklist + meeting notes,"Strengthen versioning, assumptions tracking, and appendix logic"
Spreadsheet + checklist + meeting notes,"Improve export fidelity for client, compliance, and leadership audiences"
Spreadsheet + checklist + meeting notes,Prioritize fast-path intake and answer-screen workflow
Spreadsheet + checklist + meeting notes,"Strengthen versioning, assumptions tracking, and appendix logic"
Checklist + legacy planning tool + screenshots,Prioritize fast-path intake and answer-screen workflow
Checklist + legacy planning tool + screenshots,"Strengthen versioning, assumptions tracking, and appendix logic"
Checklist + legacy planning tool + screenshots,"Improve export fidelity for client, compliance, and leadership audiences"
Spreadsheet + CRM notes + PDF exports,"Strengthen versioning, assumptions tracking, and appendix logic"
Spreadsheet + CRM notes + PDF exports,"Improve export fidelity for client, compliance, and leadership audiences"
Spreadsheet + checklist + meeting notes,Prioritize fast-path intake and answer-screen workflow
Spreadsheet + checklist + meeting notes,"Strengthen versioning, assumptions tracking, and appendix logic"
Spreadsheet + checklist + meeting notes,"Treat Section 87 as a first-class workflow, not an exception path"
Spreadsheet + checklist + meeting notes,"Improve export fidelity for client, compliance, and leadership audiences"
Spreadsheet + CRM notes + PDF exports,"Improve export fidelity for client, compliance, and leadership audiences"
Spreadsheet + checklist + meeting notes,Prioritize fast-path intake and answer-screen workflow
Checklist + legacy planning tool + screenshots,"Invest in permissions, logging, and governance controls"
Checklist + legacy planning tool + screenshots,"Treat Section 87 as a first-class workflow, not an exception path"
Checklist + legacy planning tool + screenshots,"Improve export fidelity for client, compliance, and leadership audiences"
Spreadsheet + checklist + meeting notes,Prioritize fast-path intake and answer-screen workflow
Spreadsheet + checklist + meeting notes,"Improve export fidelity for client, compliance, and leadership audiences"
Spreadsheet + checklist + meeting notes,Prioritize fast-path intake and answer-screen workflow
Spreadsheet + checklist + meeting notes,"Invest in permissions, logging, and governance controls"
Spreadsheet + checklist + meeting notes,"Improve export fidelity for client, compliance, and leadership audiences"
Spreadsheet + checklist + meeting notes,"Strengthen versioning, assumptions tracking, and appendix logic"
Spreadsheet + checklist + meeting notes,"Invest in permissions, logging, and governance controls"
Spreadsheet + checklist + meeting notes,Prioritize fast-path intake and answer-screen workflow
Spreadsheet + checklist + meeting notes,"Strengthen versioning, assumptions tracking, and appendix logic"
Spreadsheet + checklist + meeting notes,"Invest in permissions, logging, and governance controls"
Spreadsheet + checklist + meeting notes,"Improve export fidelity for client, compliance, and leadership audiences"
Spreadsheet + checklist + meeting notes,Prioritize fast-path intake and answer-screen workflow
Spreadsheet + checklist + meeting notes,"Strengthen versioning, assumptions tracking, and appendix logic"
Spreadsheet + checklist + meeting notes,"Improve export fidelity for client, compliance, and leadership audiences"
Spreadsheet + CRM notes + PDF exports,Prioritize fast-path intake and answer-screen workflow
Spreadsheet + CRM notes + PDF exports,"Improve export fidelity for client, compliance, and leadership audiences"
Spreadsheet + checklist + meeting notes,Prioritize fast-path intake and answer-screen workflow
Spreadsheet + checklist + meeting notes,"Strengthen versioning, assumptions tracking, and appendix logic"
Spreadsheet + checklist + meeting notes,"Treat Section 87 as a first-class workflow, not an exception path"
Spreadsheet + checklist + meeting notes,"Improve export fidelity for client, compliance, and leadership audiences"
Spreadsheet + CRM notes + PDF exports,Prioritize fast-path intake and answer-screen workflow
Spreadsheet + CRM notes + PDF exports,"Improve export fidelity for client, compliance, and leadership audiences"
Spreadsheet + checklist + meeting notes,Prioritize fast-path intake and answer-screen workflow
Spreadsheet + checklist + meeting notes,"Strengthen versioning, assumptions tracking, and appendix logic"
Spreadsheet + checklist + meeting notes,"Improve export fidelity for client, compliance, and leadership audiences"
Spreadsheet + checklist + meeting notes,"Improve export fidelity for client, compliance, and leadership audiences"
Spreadsheet + checklist + meeting notes,Prioritize fast-path intake and answer-screen workflow
Spreadsheet + checklist + meeting notes,"Invest in permissions, logging, and governance controls"
Spreadsheet + checklist + meeting notes,"Treat Section 87 as a first-class workflow, not an exception path"
Spreadsheet + checklist + meeting notes,"Improve export fidelity for client, compliance, and leadership audiences"
Spreadsheet + CRM notes + PDF exports,Prioritize fast-path intake and answer-screen workflow
Spreadsheet + CRM notes + PDF exports,"Strengthen versioning, assumptions tracking, and appendix logic"
Spreadsheet + CRM notes + PDF exports,"Invest in permissions, logging, and governance controls"
Spreadsheet + CRM notes + PDF exports,"Improve export fidelity for client, compliance, and leadership audiences"
Spreadsheet + checklist + meeting notes,Prioritize fast-path intake and answer-screen workflow
Spreadsheet + checklist + meeting notes,"Invest in permissions, logging, and governance controls"
Spreadsheet + checklist + meeting notes,"Improve export fidelity for client, compliance, and leadership audiences"
Checklist + legacy planning tool + screenshots,"Strengthen versioning, assumptions tracking, and appendix logic"
Spreadsheet + checklist + meeting notes,"Strengthen versioning, assumptions tracking, and appendix logic"
Spreadsheet + checklist + meeting notes,"Improve export fidelity for client, compliance, and leadership audiences"
Checklist + legacy planning tool + screenshots,Prioritize fast-path intake and answer-screen workflow
Checklist + legacy planning tool + screenshots,"Strengthen versioning, assumptions tracking, and appendix logic"
Checklist + legacy planning tool + screenshots,"Improve export fidelity for client, compliance, and leadership audiences"
Spreadsheet + CRM notes + PDF exports,"Improve export fidelity for client, compliance, and leadership audiences"
Spreadsheet + checklist + meeting notes,"Strengthen versioning, assumptions tracking, and appendix logic"
Spreadsheet + checklist + meeting notes,"Invest in permissions, logging, and governance controls"
Spreadsheet + checklist + meeting notes,"Improve export fidelity for client, compliance, and leadership audiences"
Checklist + legacy planning tool + screenshots,Prioritize fast-path intake and answer-screen workflow
Checklist + legacy planning tool + screenshots,"Improve export fidelity for client, compliance, and leadership audiences"
Spreadsheet + checklist + meeting notes,Prioritize fast-path intake and answer-screen workflow
Spreadsheet + checklist + meeting notes,Prioritize fast-path intake and answer-screen workflow
Spreadsheet + checklist + meeting notes,"Strengthen versioning, assumptions tracking, and appendix logic"
Spreadsheet + checklist + meeting notes,"Improve export fidelity for client, compliance, and leadership audiences"
Spreadsheet + CRM notes + PDF exports,"Strengthen versioning, assumptions tracking, and appendix logic"
Spreadsheet + CRM notes + PDF exports,"Invest in permissions, logging, and governance controls"
Spreadsheet + CRM notes + PDF exports,"Improve export fidelity for client, compliance, and leadership audiences"
Spreadsheet + CRM notes + PDF exports,"Treat Section 87 as a first-class workflow, not an exception path"
Checklist + legacy planning tool + screenshots,Prioritize fast-path intake and answer-screen workflow
Checklist + legacy planning tool + screenshots,"Invest in permissions, logging, and governance controls"
Checklist + legacy planning tool + screenshots,"Improve export fidelity for client, compliance, and leadership audiences"
Spreadsheet + checklist + meeting notes,Prioritize fast-path intake and answer-screen workflow
Spreadsheet + checklist + meeting notes,Prioritize fast-path intake and answer-screen workflow
Spreadsheet + checklist + meeting notes,Prioritize fast-path intake and answer-screen workflow
Spreadsheet + checklist + meeting notes,"Invest in permissions, logging, and governance controls"
Spreadsheet + checklist + meeting notes,"Improve export fidelity for client, compliance, and leadership audiences"
Spreadsheet + checklist + meeting notes,Prioritize fast-path intake and answer-screen workflow
Spreadsheet + checklist + meeting notes,"Invest in permissions, logging, and governance controls"
Spreadsheet + checklist + meeting notes,"Improve export fidelity for client, compliance, and leadership audiences"
Spreadsheet + checklist + meeting notes,Prioritize fast-path intake and answer-screen workflow
Spreadsheet + checklist + meeting notes,"Strengthen versioning, assumptions tracking, and appendix logic"
Spreadsheet + checklist + meeting notes,"Improve export fidelity for client, compliance, and leadership audiences"
Spreadsheet + checklist + meeting notes,"Improve export fidelity for client, compliance, and leadership audiences"
Spreadsheet + checklist + meeting notes,"Strengthen versioning, assumptions tracking, and appendix logic"
Spreadsheet + checklist + meeting notes,"Improve export fidelity for client, compliance, and leadership audiences"
Spreadsheet + checklist + meeting notes,Prioritize fast-path intake and answer-screen workflow
Spreadsheet + checklist + meeting notes,"Strengthen versioning, assumptions tracking, and appendix logic"
Spreadsheet + checklist + meeting notes,"Invest in permissions, logging, and governance controls"
Spreadsheet + CRM notes + PDF exports,Prioritize fast-path intake and answer-screen workflow
Spreadsheet + CRM notes + PDF exports,"Improve export fidelity for client, compliance, and leadership audiences"
Spreadsheet + checklist + meeting notes,Prioritize fast-path intake and answer-screen workflow
Spreadsheet + checklist + meeting notes,"Improve export fidelity for client, compliance, and leadership audiences"
Spreadsheet + checklist + meeting notes,Prioritize fast-path intake and answer-screen workflow
Spreadsheet + checklist + meeting notes,"Invest in permissions, logging, and governance controls"
Spreadsheet + checklist + meeting notes,"Treat Section 87 as a first-class workflow, not an exception path"
Spreadsheet + checklist + meeting notes,"Improve export fidelity for client, compliance, and leadership audiences"
Spreadsheet + checklist + meeting notes,Prioritize fast-path intake and answer-screen workflow
Spreadsheet + checklist + meeting notes,"Improve export fidelity for client, compliance, and leadership audiences"
Spreadsheet + checklist + meeting notes,"Strengthen versioning, assumptions tracking, and appendix logic"
Spreadsheet + CRM notes + PDF exports,Prioritize fast-path intake and answer-screen workflow
Spreadsheet + CRM notes + PDF exports,"Strengthen versioning, assumptions tracking, and appendix logic"
Spreadsheet + CRM notes + PDF exports,Prioritize fast-path intake and answer-screen workflow
Spreadsheet + CRM notes + PDF exports,"Strengthen versioning, assumptions tracking, and appendix logic"
Spreadsheet + CRM notes + PDF exports,"Invest in permissions, logging, and governance controls"
Spreadsheet + CRM notes + PDF exports,"Strengthen versioning, assumptions tracking, and appendix logic"
Spreadsheet + CRM notes + PDF exports,"Invest in permissions, logging, and governance controls"
Spreadsheet + CRM notes + PDF exports,"Improve export fidelity for client, compliance, and leadership audiences"
Spreadsheet + CRM notes + PDF exports,Prioritize fast-path intake and answer-screen workflow
Spreadsheet + CRM notes + PDF exports,"Improve export fidelity for client, compliance, and leadership audiences"
Spreadsheet + checklist + meeting notes,Prioritize fast-path intake and answer-screen workflow
Spreadsheet + checklist + meeting notes,"Strengthen versioning, assumptions tracking, and appendix logic"
Spreadsheet + checklist + meeting notes,"Treat Section 87 as a first-class workflow, not an exception path"
Spreadsheet + checklist + meeting notes,"Improve export fidelity for client, compliance, and leadership audiences"
Spreadsheet + checklist + meeting notes,Prioritize fast-path intake and answer-screen workflow
Spreadsheet + checklist + meeting notes,"Strengthen versioning, assumptions tracking, and appendix logic"
Spreadsheet + checklist + meeting notes,"Invest in permissions, logging, and governance controls"
Spreadsheet + checklist + meeting notes,"Improve export fidelity for client, compliance, and leadership audiences"
Spreadsheet + checklist + meeting notes,Prioritize fast-path intake and answer-screen workflow
Spreadsheet + checklist + meeting notes,"Invest in permissions, logging, and governance controls"
Spreadsheet + checklist + meeting notes,"Improve export fidelity for client, compliance, and leadership audiences"
Checklist + legacy planning tool + screenshots,Prioritize fast-path intake and answer-screen workflow
Spreadsheet + checklist + meeting notes,Prioritize fast-path intake and answer-screen workflow
Spreadsheet + checklist + meeting notes,"Strengthen versioning, assumptions tracking, and appendix logic"
Spreadsheet + checklist + meeting notes,"Invest in permissions, logging, and governance controls"
Spreadsheet + checklist + meeting notes,"Improve export fidelity for client, compliance, and leadership audiences"
Checklist + legacy planning tool + screenshots,Prioritize fast-path intake and answer-screen workflow
Checklist + legacy planning tool + screenshots,"Strengthen versioning, assumptions tracking, and appendix logic"
Checklist + legacy planning tool + screenshots,"Improve export fidelity for client, compliance, and leadership audiences"
Spreadsheet + checklist + meeting notes,Prioritize fast-path intake and answer-screen workflow
Spreadsheet + checklist + meeting notes,"Strengthen versioning, assumptions tracking, and appendix logic"
Spreadsheet + checklist + meeting notes,"Improve export fidelity for client, compliance, and leadership audiences"
Checklist + legacy planning tool + screenshots,"Invest in permissions, logging, and governance controls"
Checklist + legacy planning tool + screenshots,"Improve export fidelity for client, compliance, and leadership audiences"
Spreadsheet + checklist + meeting notes,Prioritize fast-path intake and answer-screen workflow
Spreadsheet + checklist + meeting notes,"Strengthen versioning, assumptions tracking, and appendix logic"
Spreadsheet + checklist + meeting notes,"Improve export fidelity for client, compliance, and leadership audiences"
Checklist + legacy planning tool + screenshots,Prioritize fast-path intake and answer-screen workflow
Checklist + legacy planning tool + screenshots,"Strengthen versioning, assumptions tracking, and appendix logic"
Checklist + legacy planning tool + screenshots,"Improve export fidelity for client, compliance, and leadership audiences"
Spreadsheet + checklist + meeting notes,Prioritize fast-path intake and answer-screen workflow
Spreadsheet + checklist + meeting notes,"Invest in permissions, logging, and governance controls"
Spreadsheet + checklist + meeting notes,"Improve export fidelity for client, compliance, and leadership audiences"
Spreadsheet + checklist + meeting notes,"Invest in permissions, logging, and governance controls"
Spreadsheet + checklist + meeting notes,"Improve export fidelity for client, compliance, and leadership audiences"
Checklist + legacy planning tool + screenshots,Prioritize fast-path intake and answer-screen workflow
Checklist + legacy planning tool + screenshots,"Strengthen versioning, assumptions tracking, and appendix logic"
Checklist + legacy planning tool + screenshots,Prioritize fast-path intake and answer-screen workflow
Checklist + legacy planning tool + screenshots,"Invest in permissions, logging, and governance controls"
Spreadsheet + CRM notes + PDF exports,"Improve export fidelity for client, compliance, and leadership audiences"
Spreadsheet + checklist + meeting notes,Prioritize fast-path intake and answer-screen workflow
Spreadsheet + checklist + meeting notes,"Invest in permissions, logging, and governance controls"
Spreadsheet + CRM notes + PDF exports,Prioritize fast-path intake and answer-screen workflow
Spreadsheet + checklist + meeting notes,Prioritize fast-path intake and answer-screen workflow
Spreadsheet + checklist + meeting notes,"Strengthen versioning, assumptions tracking, and appendix logic"
Spreadsheet + checklist + meeting notes,"Treat Section 87 as a first-class workflow, not an exception path"
Spreadsheet + checklist + meeting notes,"Improve export fidelity for client, compliance, and leadership audiences"
Checklist + legacy planning tool + screenshots,Prioritize fast-path intake and answer-screen workflow
Checklist + legacy planning tool + screenshots,"Improve export fidelity for client, compliance, and leadership audiences"
Spreadsheet + CRM notes + PDF exports,Prioritize fast-path intake and answer-screen workflow
Spreadsheet + CRM notes + PDF exports,"Improve export fidelity for client, compliance, and leadership audiences"
Spreadsheet + checklist + meeting notes,Prioritize fast-path intake and answer-screen workflow
Spreadsheet + checklist + meeting notes,"Invest in permissions, logging, and governance controls"
Spreadsheet + checklist + meeting notes,"Improve export fidelity for client, compliance, and leadership audiences"
Spreadsheet + CRM notes + PDF exports,Prioritize fast-path intake and answer-screen workflow
Spreadsheet + CRM notes + PDF exports,"Strengthen versioning, assumptions tracking, and appendix logic"
Spreadsheet + CRM notes + PDF exports,"Invest in permissions, logging, and governance controls"
Spreadsheet + CRM notes + PDF exports,"Improve export fidelity for client, compliance, and leadership audiences"
Checklist + legacy planning tool + screenshots,"Improve export fidelity for client, compliance, and leadership audiences"
Checklist + legacy planning tool + screenshots,Prioritize fast-path intake and answer-screen workflow
Checklist + legacy planning tool + screenshots,"Invest in permissions, logging, and governance controls"
Checklist + legacy planning tool + screenshots,Prioritize fast-path intake and answer-screen workflow
Checklist + legacy planning tool + screenshots,"Improve export fidelity for client, compliance, and leadership audiences"
Spreadsheet + CRM notes + PDF exports,Prioritize fast-path intake and answer-screen workflow
Spreadsheet + CRM notes + PDF exports,"Strengthen versioning, assumptions tracking, and appendix logic"
Spreadsheet + CRM notes + PDF exports,"Invest in permissions, logging, and governance controls"
Spreadsheet + CRM notes + PDF exports,"Improve export fidelity for client, compliance, and leadership audiences"
Spreadsheet + checklist + meeting notes,Prioritize fast-path intake and answer-screen workflow
Spreadsheet + checklist + meeting notes,"Improve export fidelity for client, compliance, and leadership audiences"
Spreadsheet + checklist + meeting notes,"Strengthen versioning, assumptions tracking, and appendix logic"
Spreadsheet + checklist + meeting notes,"Invest in permissions, logging, and governance controls"
Spreadsheet + checklist + meeting notes,"Improve export fidelity for client, compliance, and leadership audiences"
Spreadsheet + CRM notes + PDF exports,Prioritize fast-path intake and answer-screen workflow
Spreadsheet + CRM notes + PDF exports,"Strengthen versioning, assumptions tracking, and appendix logic"
Spreadsheet + CRM notes + PDF exports,"Treat Section 87 as a first-class workflow, not an exception path"
Spreadsheet + CRM notes + PDF exports,"Improve export fidelity for client, compliance, and leadership audiences"
Spreadsheet + checklist + meeting notes,Prioritize fast-path intake and answer-screen workflow
Spreadsheet + checklist + meeting notes,"Invest in permissions, logging, and governance controls"
Spreadsheet + CRM notes + PDF exports,Prioritize fast-path intake and answer-screen workflow
Spreadsheet + checklist + meeting notes,"Strengthen versioning, assumptions tracking, and appendix logic"
Spreadsheet + checklist + meeting notes,"Improve export fidelity for client, compliance, and leadership audiences"
Checklist + legacy planning tool + screenshots,Prioritize fast-path intake and answer-screen workflow
Checklist + legacy planning tool + screenshots,"Treat Section 87 as a first-class workflow, not an exception path"
Checklist + legacy planning tool + screenshots,"Improve export fidelity for client, compliance, and leadership audiences"
Spreadsheet + checklist + meeting notes,Prioritize fast-path intake and answer-screen workflow
Spreadsheet + checklist + meeting notes,"Strengthen versioning, assumptions tracking, and appendix logic"
Checklist + legacy planning tool + screenshots,Prioritize fast-path intake and answer-screen workflow
Checklist + legacy planning tool + screenshots,"Invest in permissions, logging, and governance controls"
Checklist + legacy planning tool + screenshots,"Treat Section 87 as a first-class workflow, not an exception path"
Checklist + legacy planning tool + screenshots,"Improve export fidelity for client, compliance, and leadership audiences"
Checklist + legacy planning tool + screenshots,Prioritize fast-path intake and answer-screen workflow
Checklist + legacy planning tool + screenshots,"Invest in permissions, logging, and governance controls"
Checklist + legacy planning tool + screenshots,"Improve export fidelity for client, compliance, and leadership audiences"
Spreadsheet + checklist + meeting notes,Prioritize fast-path intake and answer-screen workflow
Spreadsheet + checklist + meeting notes,"Improve export fidelity for client, compliance, and leadership audiences"
Checklist + legacy planning tool + screenshots,Prioritize fast-path intake and answer-screen workflow
Checklist + legacy planning tool + screenshots,"Invest in permissions, logging, and governance controls"
Checklist + legacy planning tool + screenshots,Prioritize fast-path intake and answer-screen workflow
Checklist + legacy planning tool + screenshots,"Invest in permissions, logging, and governance controls"
Checklist + legacy planning tool + screenshots,"Treat Section 87 as a first-class workflow, not an exception path"
Checklist + legacy planning tool + screenshots,"Improve export fidelity for client, compliance, and leadership audiences"
Checklist + legacy planning tool + screenshots,"Improve export fidelity for client, compliance, and leadership audiences"
Spreadsheet + CRM notes + PDF exports,Prioritize fast-path intake and answer-screen workflow
Spreadsheet + CRM notes + PDF exports,"Treat Section 87 as a first-class workflow, not an exception path"
Spreadsheet + CRM notes + PDF exports,"Improve export fidelity for client, compliance, and leadership audiences"
Checklist + legacy planning tool + screenshots,Prioritize fast-path intake and answer-screen workflow
Checklist + legacy planning tool + screenshots,"Improve export fidelity for client, compliance, and leadership audiences"
Spreadsheet + checklist + meeting notes,"Strengthen versioning, assumptions tracking, and appendix logic"
Spreadsheet + checklist + meeting notes,"Improve export fidelity for client, compliance, and leadership audiences"
Checklist + legacy planning tool + screenshots,Prioritize fast-path intake and answer-screen workflow
Checklist + legacy planning tool + screenshots,"Invest in permissions, logging, and governance controls"
Checklist + legacy planning tool + screenshots,"Treat Section 87 as a first-class workflow, not an exception path"
Checklist + legacy planning tool + screenshots,"Improve export fidelity for client, compliance, and leadership audiences"
Checklist + legacy planning tool + screenshots,Prioritize fast-path intake and answer-screen workflow
Checklist + legacy planning tool + screenshots,"Improve export fidelity for client, compliance, and leadership audiences"
Spreadsheet + CRM notes + PDF exports,Prioritize fast-path intake and answer-screen workflow
Spreadsheet + CRM notes + PDF exports,"Treat Section 87 as a first-class workflow, not an exception path"
Spreadsheet + CRM notes + PDF exports,"Improve export fidelity for client, compliance, and leadership audiences"
Spreadsheet + checklist + meeting notes,Prioritize fast-path intake and answer-screen workflow
Spreadsheet + CRM notes + PDF exports,Prioritize fast-path intake and answer-screen workflow
Spreadsheet + CRM notes + PDF exports,"Improve export fidelity for client, compliance, and leadership audiences"
Spreadsheet + CRM notes + PDF exports,"Improve export fidelity for client, compliance, and leadership audiences"
Checklist + legacy planning tool + screenshots,"Strengthen versioning, assumptions tracking, and appendix logic"
Checklist + legacy planning tool + screenshots,"Invest in permissions, logging, and governance controls"
Checklist + legacy planning tool + screenshots,"Improve export fidelity for client, compliance, and leadership audiences"
Spreadsheet + checklist + meeting notes,Prioritize fast-path intake and answer-screen workflow
Spreadsheet + checklist + meeting notes,"Treat Section 87 as a first-class workflow, not an exception path"
Spreadsheet + checklist + meeting notes,"Improve export fidelity for client, compliance, and leadership audiences"
Spreadsheet + CRM notes + PDF exports,Prioritize fast-path intake and answer-screen workflow
Spreadsheet + CRM notes + PDF exports,"Strengthen versioning, assumptions tracking, and appendix logic"
Spreadsheet + CRM notes + PDF exports,"Invest in permissions, logging, and governance controls"
Spreadsheet + CRM notes + PDF exports,"Improve export fidelity for client, compliance, and leadership audiences"
Spreadsheet + checklist + meeting notes,"Strengthen versioning, assumptions tracking, and appendix logic"
Spreadsheet + checklist + meeting notes,"Improve export fidelity for client, compliance, and leadership audiences"
Checklist + legacy planning tool + screenshots,Prioritize fast-path intake and answer-screen workflow
Spreadsheet + checklist + meeting notes,"Improve export fidelity for client, compliance, and leadership audiences"
Spreadsheet + CRM notes + PDF exports,Prioritize fast-path intake and answer-screen workflow
Spreadsheet + CRM notes + PDF exports,"Strengthen versioning, assumptions tracking, and appendix logic"
Spreadsheet + CRM notes + PDF exports,Prioritize fast-path intake and answer-screen workflow
Spreadsheet + CRM notes + PDF exports,"Strengthen versioning, assumptions tracking, and appendix logic"
Spreadsheet + CRM notes + PDF exports,"Invest in permissions, logging, and governance controls"
Spreadsheet + checklist + meeting notes,Prioritize fast-path intake and answer-screen workflow
Spreadsheet + checklist + meeting notes,"Strengthen versioning, assumptions tracking, and appendix logic"
Spreadsheet + checklist + meeting notes,"Improve export fidelity for client, compliance, and leadership audiences"
Spreadsheet + checklist + meeting notes,"Improve export fidelity for client, compliance, and leadership audiences"
Spreadsheet + checklist + meeting notes,Prioritize fast-path intake and answer-screen workflow
Spreadsheet + checklist + meeting notes,"Strengthen versioning, assumptions tracking, and appendix logic"
Spreadsheet + checklist + meeting notes,"Improve export fidelity for client, compliance, and leadership audiences"
Checklist + legacy planning tool + screenshots,Prioritize fast-path intake and answer-screen workflow
Checklist + legacy planning tool + screenshots,"Improve export fidelity for client, compliance, and leadership audiences"
Spreadsheet + CRM notes + PDF exports,Prioritize fast-path intake and answer-screen workflow
Spreadsheet + CRM notes + PDF exports,"Invest in permissions, logging, and governance controls"
Spreadsheet + CRM notes + PDF exports,"Improve export fidelity for client, compliance, and leadership audiences"
Spreadsheet + CRM notes + PDF exports,"Strengthen versioning, assumptions tracking, and appendix logic"
Spreadsheet + CRM notes + PDF exports,"Improve export fidelity for client, compliance, and leadership audiences"
Spreadsheet + checklist + meeting notes,Prioritize fast-path intake and answer-screen workflow
Spreadsheet + checklist + meeting notes,"Strengthen versioning, assumptions tracking, and appendix logic"
Spreadsheet + checklist + meeting notes,Prioritize fast-path intake and answer-screen workflow
Spreadsheet + checklist + meeting notes,Prioritize fast-path intake and answer-screen workflow
Spreadsheet + checklist + meeting notes,"Improve export fidelity for client, compliance, and leadership audiences"
Spreadsheet + checklist + meeting notes,Prioritize fast-path intake and answer-screen workflow
Spreadsheet + checklist + meeting notes,"Invest in permissions, logging, and governance controls"
Spreadsheet + checklist + meeting notes,"Improve export fidelity for client, compliance, and leadership audiences"
Checklist + legacy planning tool + screenshots,Prioritize fast-path intake and answer-screen workflow
Checklist + legacy planning tool + screenshots,"Strengthen versioning, assumptions tracking, and appendix logic"
Spreadsheet + CRM notes + PDF exports,Prioritize fast-path intake and answer-screen workflow
Spreadsheet + CRM notes + PDF exports,"Strengthen versioning, assumptions tracking, and appendix logic"
Spreadsheet + CRM notes + PDF exports,"Improve export fidelity for client, compliance, and leadership audiences"
Spreadsheet + CRM notes + PDF exports,"Invest in permissions, logging, and governance controls"
Spreadsheet + CRM notes + PDF exports,"Improve export fidelity for client, compliance, and leadership audiences"
Spreadsheet + checklist + meeting notes,Prioritize fast-path intake and answer-screen workflow
Spreadsheet + checklist + meeting notes,"Strengthen versioning, assumptions tracking, and appendix logic"
Spreadsheet + checklist + meeting notes,"Improve export fidelity for client, compliance, and leadership audiences"
Spreadsheet + checklist + meeting notes,Prioritize fast-path intake and answer-screen workflow
Spreadsheet + checklist + meeting notes,"Strengthen versioning, assumptions tracking, and appendix logic"
Spreadsheet + checklist + meeting notes,"Improve export fidelity for client, compliance, and leadership audiences"
Checklist + legacy planning tool + screenshots,Prioritize fast-path intake and answer-screen workflow
Checklist + legacy planning tool + screenshots,"Strengthen versioning, assumptions tracking, and appendix logic"
Checklist + legacy planning tool + screenshots,"Invest in permissions, logging, and governance controls"
Checklist + legacy planning tool + screenshots,"Improve export fidelity for client, compliance, and leadership audiences"
Spreadsheet + checklist + meeting notes,"Strengthen versioning, assumptions tracking, and appendix logic"
Spreadsheet + checklist + meeting notes,"Improve export fidelity for client, compliance, and leadership audiences"
Spreadsheet + checklist + meeting notes,"Strengthen versioning, assumptions tracking, and appendix logic"
Spreadsheet + checklist + meeting notes,"Invest in permissions, logging, and governance controls"
Spreadsheet + checklist + meeting notes,"Improve export fidelity for client, compliance, and leadership audiences"
Spreadsheet + checklist + meeting notes,Prioritize fast-path intake and answer-screen workflow
Spreadsheet + checklist + meeting notes,"Strengthen versioning, assumptions tracking, and appendix logic"
Spreadsheet + checklist + meeting notes,"Improve export fidelity for client, compliance, and leadership audiences"
Spreadsheet + checklist + meeting notes,Prioritize fast-path intake and answer-screen workflow
Spreadsheet + checklist + meeting notes,"Strengthen versioning, assumptions tracking, and appendix logic"
Spreadsheet + checklist + meeting notes,"Improve export fidelity for client, compliance, and leadership audiences"
Spreadsheet + checklist + meeting notes,"Improve export fidelity for client, compliance, and leadership audiences"
Spreadsheet + checklist + meeting notes,Prioritize fast-path intake and answer-screen workflow
Spreadsheet + checklist + meeting notes,"Strengthen versioning, assumptions tracking, and appendix logic"
Spreadsheet + checklist + meeting notes,"Invest in permissions, logging, and governance controls"
Spreadsheet + checklist + meeting notes,"Improve export fidelity for client, compliance, and leadership audiences"
Spreadsheet + checklist + meeting notes,Prioritize fast-path intake and answer-screen workflow
Spreadsheet + checklist + meeting notes,"Strengthen versioning, assumptions tracking, and appendix logic"
Spreadsheet + checklist + meeting notes,Prioritize fast-path intake and answer-screen workflow
Spreadsheet + checklist + meeting notes,"Improve export fidelity for client, compliance, and leadership audiences"
Checklist + legacy planning tool + screenshots,Prioritize fast-path intake and answer-screen workflow
Checklist + legacy planning tool + screenshots,"Improve export fidelity for client, compliance, and leadership audiences"
Spreadsheet + checklist + meeting notes,Prioritize fast-path intake and answer-screen workflow
Spreadsheet + checklist + meeting notes,Prioritize fast-path intake and answer-screen workflow
Spreadsheet + checklist + meeting notes,"Strengthen versioning, assumptions tracking, and appendix logic"
Spreadsheet + checklist + meeting notes,"Improve export fidelity for client, compliance, and leadership audiences"
Spreadsheet + checklist + meeting notes,Prioritize fast-path intake and answer-screen workflow
Spreadsheet + checklist + meeting notes,"Strengthen versioning, assumptions tracking, and appendix logic"
Spreadsheet + checklist + meeting notes,"Improve export fidelity for client, compliance, and leadership audiences"
Spreadsheet + CRM notes + PDF exports,Prioritize fast-path intake and answer-screen workflow
Spreadsheet + CRM notes + PDF exports,"Strengthen versioning, assumptions tracking, and appendix logic"
Spreadsheet + CRM notes + PDF exports,"Invest in permissions, logging, and governance controls"
Spreadsheet + CRM notes + PDF exports,"Improve export fidelity for client, compliance, and leadership audiences"
Spreadsheet + checklist + meeting notes,Prioritize fast-path intake and answer-screen workflow
Spreadsheet + checklist + meeting notes,"Invest in permissions, logging, and governance controls"
Spreadsheet + checklist + meeting notes,"Improve export fidelity for client, compliance, and leadership audiences"
Spreadsheet + checklist + meeting notes,Prioritize fast-path intake and answer-screen workflow
Spreadsheet + checklist + meeting notes,"Invest in permissions, logging, and governance controls"
Spreadsheet + checklist + meeting notes,"Improve export fidelity for client, compliance, and leadership audiences"
Checklist + legacy planning tool + screenshots,Prioritize fast-path intake and answer-screen workflow
Checklist + legacy planning tool + screenshots,"Strengthen versioning, assumptions tracking, and appendix logic"
Checklist + legacy planning tool + screenshots,"Invest in permissions, logging, and governance controls"
Checklist + legacy planning tool + screenshots,"Improve export fidelity for client, compliance, and leadership audiences"
Spreadsheet + CRM notes + PDF exports,Prioritize fast-path intake and answer-screen workflow
Spreadsheet + CRM notes + PDF exports,"Improve export fidelity for client, compliance, and leadership audiences"
Spreadsheet + checklist + meeting notes,"Improve export fidelity for client, compliance, and leadership audiences"
Spreadsheet + checklist + meeting notes,"Strengthen versioning, assumptions tracking, and appendix logic"
Spreadsheet + checklist + meeting notes,"Improve export fidelity for client, compliance, and leadership audiences"
Checklist + legacy planning tool + screenshots,Prioritize fast-path intake and answer-screen workflow
Checklist + legacy planning tool + screenshots,"Improve export fidelity for client, compliance, and leadership audiences"
Spreadsheet + checklist + meeting notes,Prioritize fast-path intake and answer-screen workflow
Spreadsheet + checklist + meeting notes,"Strengthen versioning, assumptions tracking, and appendix logic"
Spreadsheet + checklist + meeting notes,"Improve export fidelity for client, compliance, and leadership audiences"
Spreadsheet + checklist + meeting notes,Prioritize fast-path intake and answer-screen workflow
Spreadsheet + checklist + meeting notes,"Invest in permissions, logging, and governance controls"
Spreadsheet + checklist + meeting notes,"Improve export fidelity for client, compliance, and leadership audiences"
Spreadsheet + CRM notes + PDF exports,Prioritize fast-path intake and answer-screen workflow
Spreadsheet + CRM notes + PDF exports,"Invest in permissions, logging, and governance controls"
Spreadsheet + CRM notes + PDF exports,"Improve export fidelity for client, compliance, and leadership audiences"
Spreadsheet + checklist + meeting notes,Prioritize fast-path intake and answer-screen workflow
Spreadsheet + checklist + meeting notes,"Invest in permissions, logging, and governance controls"
Spreadsheet + checklist + meeting notes,"Improve export fidelity for client, compliance, and leadership audiences"
Spreadsheet + checklist + meeting notes,Prioritize fast-path intake and answer-screen workflow
Spreadsheet + checklist + meeting notes,"Invest in permissions, logging, and governance controls"
Spreadsheet + CRM notes + PDF exports,Prioritize fast-path intake and answer-screen workflow
Spreadsheet + CRM notes + PDF exports,"Strengthen versioning, assumptions tracking, and appendix logic"
Checklist + legacy planning tool + screenshots,Prioritize fast-path intake and answer-screen workflow
Spreadsheet + checklist + meeting notes,Prioritize fast-path intake and answer-screen workflow
Spreadsheet + checklist + meeting notes,"Treat Section 87 as a first-class workflow, not an exception path"
Spreadsheet + checklist + meeting notes,"Improve export fidelity for client, compliance, and leadership audiences"
Spreadsheet + checklist + meeting notes,Prioritize fast-path intake and answer-screen workflow
Spreadsheet + checklist + meeting notes,"Invest in permissions, logging, and governance controls"
Spreadsheet + checklist + meeting notes,"Improve export fidelity for client, compliance, and leadership audiences"
Spreadsheet + CRM notes + PDF exports,"Improve export fidelity for client, compliance, and leadership audiences"
Spreadsheet + checklist + meeting notes,Prioritize fast-path intake and answer-screen workflow
Spreadsheet + checklist + meeting notes,"Strengthen versioning, assumptions tracking, and appendix logic"
Spreadsheet + checklist + meeting notes,"Improve export fidelity for client, compliance, and leadership audiences"
Checklist + legacy planning tool + screenshots,Prioritize fast-path intake and answer-screen workflow
Checklist + legacy planning tool + screenshots,"Strengthen versioning, assumptions tracking, and appendix logic"
Checklist + legacy planning tool + screenshots,"Invest in permissions, logging, and governance controls"
Spreadsheet + checklist + meeting notes,Prioritize fast-path intake and answer-screen workflow
Spreadsheet + checklist + meeting notes,"Treat Section 87 as a first-class workflow, not an exception path"
Spreadsheet + checklist + meeting notes,"Improve export fidelity for client, compliance, and leadership audiences"
Spreadsheet + checklist + meeting notes,Prioritize fast-path intake and answer-screen workflow
Spreadsheet + checklist + meeting notes,"Strengthen versioning, assumptions tracking, and appendix logic"
Spreadsheet + checklist + meeting notes,"Improve export fidelity for client, compliance, and leadership audiences"
Spreadsheet + checklist + meeting notes,Prioritize fast-path intake and answer-screen workflow
Spreadsheet + checklist + meeting notes,"Invest in permissions, logging, and governance controls"
Spreadsheet + checklist + meeting notes,Prioritize fast-path intake and answer-screen workflow
Spreadsheet + checklist + meeting notes,"Strengthen versioning, assumptions tracking, and appendix logic"
Spreadsheet + checklist + meeting notes,"Improve export fidelity for client, compliance, and leadership audiences"
Checklist + legacy planning tool + screenshots,"Improve export fidelity for client, compliance, and leadership audiences"
Spreadsheet + CRM notes + PDF exports,Prioritize fast-path intake and answer-screen workflow
Spreadsheet + CRM notes + PDF exports,"Invest in permissions, logging, and governance controls"
Spreadsheet + CRM notes + PDF exports,"Improve export fidelity for client, compliance, and leadership audiences"
Checklist + legacy planning tool + screenshots,Prioritize fast-path intake and answer-screen workflow
Spreadsheet + checklist + meeting notes,"Improve export fidelity for client, compliance, and leadership audiences"
Checklist + legacy planning tool + screenshots,Prioritize fast-path intake and answer-screen workflow
Checklist + legacy planning tool + screenshots,"Improve export fidelity for client, compliance, and leadership audiences"
Spreadsheet + checklist + meeting notes,Prioritize fast-path intake and answer-screen workflow
Spreadsheet + checklist + meeting notes,"Strengthen versioning, assumptions tracking, and appendix logic"
Spreadsheet + checklist + meeting notes,"Invest in permissions, logging, and governance controls"
Spreadsheet + checklist + meeting notes,"Strengthen versioning, assumptions tracking, and appendix logic"
Spreadsheet + CRM notes + PDF exports,Prioritize fast-path intake and answer-screen workflow
Spreadsheet + CRM notes + PDF exports,"Improve export fidelity for client, compliance, and leadership audiences"
Spreadsheet + CRM notes + PDF exports,Prioritize fast-path intake and answer-screen workflow
Spreadsheet + CRM notes + PDF exports,"Strengthen versioning, assumptions tracking, and appendix logic"
Spreadsheet + CRM notes + PDF exports,"Improve export fidelity for client, compliance, and leadership audiences"
Spreadsheet + checklist + meeting notes,Prioritize fast-path intake and answer-screen workflow
Spreadsheet + CRM notes + PDF exports,Prioritize fast-path intake and answer-screen workflow
Spreadsheet + CRM notes + PDF exports,"Strengthen versioning, assumptions tracking, and appendix logic"
Spreadsheet + CRM notes + PDF exports,"Treat Section 87 as a first-class workflow, not an exception path"
Spreadsheet + CRM notes + PDF exports,"Improve export fidelity for client, compliance, and leadership audiences"
Checklist + legacy planning tool + screenshots,Prioritize fast-path intake and answer-screen workflow
Checklist + legacy planning tool + screenshots,"Improve export fidelity for client, compliance, and leadership audiences"
Spreadsheet + CRM notes + PDF exports,"Improve export fidelity for client, compliance, and leadership audiences"
Spreadsheet + checklist + meeting notes,Prioritize fast-path intake and answer-screen workflow
Spreadsheet + checklist + meeting notes,"Improve export fidelity for client, compliance, and leadership audiences"
Spreadsheet + CRM notes + PDF exports,Prioritize fast-path intake and answer-screen workflow
Spreadsheet + checklist + meeting notes,Prioritize fast-path intake and answer-screen workflow
Spreadsheet + checklist + meeting notes,"Invest in permissions, logging, and governance controls"
Spreadsheet + checklist + meeting notes,Prioritize fast-path intake and answer-screen workflow
Spreadsheet + checklist + meeting notes,"Improve export fidelity for client, compliance, and leadership audiences"
Spreadsheet + CRM notes + PDF exports,Prioritize fast-path intake and answer-screen workflow
Spreadsheet + CRM notes + PDF exports,"Strengthen versioning, assumptions tracking, and appendix logic"
Spreadsheet + CRM notes + PDF exports,"Improve export fidelity for client, compliance, and leadership audiences"
Spreadsheet + CRM notes + PDF exports,Prioritize fast-path intake and answer-screen workflow
Spreadsheet + CRM notes + PDF exports,"Strengthen versioning, assumptions tracking, and appendix logic"
Spreadsheet + CRM notes + PDF exports,"Improve export fidelity for client, compliance, and leadership audiences"
Spreadsheet + checklist + meeting notes,Prioritize fast-path intake and answer-screen workflow
Spreadsheet + checklist + meeting notes,"Improve export fidelity for client, compliance, and leadership audiences"
Spreadsheet + checklist + meeting notes,Prioritize fast-path intake and answer-screen workflow
Spreadsheet + checklist + meeting notes,"Strengthen versioning, assumptions tracking, and appendix logic"
Spreadsheet + checklist + meeting notes,"Improve export fidelity for client, compliance, and leadership audiences"
Spreadsheet + checklist + meeting notes,Prioritize fast-path intake and answer-screen workflow
Spreadsheet + checklist + meeting notes,"Invest in permissions, logging, and governance controls"
Spreadsheet + checklist + meeting notes,Prioritize fast-path intake and answer-screen workflow
Spreadsheet + checklist + meeting notes,"Invest in permissions, logging, and governance controls"
Spreadsheet + checklist + meeting notes,"Improve export fidelity for client, compliance, and leadership audiences"
Spreadsheet + CRM notes + PDF exports,Prioritize fast-path intake and answer-screen workflow
Spreadsheet + CRM notes + PDF exports,"Strengthen versioning, assumptions tracking, and appendix logic"
Spreadsheet + CRM notes + PDF exports,"Invest in permissions, logging, and governance controls"
Spreadsheet + CRM notes + PDF exports,"Improve export fidelity for client, compliance, and leadership audiences"
Spreadsheet + checklist + meeting notes,Prioritize fast-path intake and answer-screen workflow
Spreadsheet + checklist + meeting notes,"Invest in permissions, logging, and governance controls"
Spreadsheet + checklist + meeting notes,"Improve export fidelity for client, compliance, and leadership audiences"
Spreadsheet + checklist + meeting notes,"Strengthen versioning, assumptions tracking, and appendix logic"
Spreadsheet + checklist + meeting notes,"Improve export fidelity for client, compliance, and leadership audiences"
Spreadsheet + checklist + meeting notes,"Invest in permissions, logging, and governance controls"
Spreadsheet + checklist + meeting notes,"Invest in permissions, logging, and governance controls"
Spreadsheet + checklist + meeting notes,"Improve export fidelity for client, compliance, and leadership audiences"
Spreadsheet + checklist + meeting notes,Prioritize fast-path intake and answer-screen workflow
Spreadsheet + checklist + meeting notes,"Strengthen versioning, assumptions tracking, and appendix logic"
Spreadsheet + checklist + meeting notes,Prioritize fast-path intake and answer-screen workflow
Spreadsheet + checklist + meeting notes,"Improve export fidelity for client, compliance, and leadership audiences"
Checklist + legacy planning tool + screenshots,
Spreadsheet + CRM notes + PDF exports,Prioritize fast-path intake and answer-screen workflow
Spreadsheet + CRM notes + PDF exports,"Invest in permissions, logging, and governance controls"
Spreadsheet + CRM notes + PDF exports,Prioritize fast-path intake and answer-screen workflow
Spreadsheet + CRM notes + PDF exports,"Strengthen versioning, assumptions tracking, and appendix logic"
Spreadsheet + CRM notes + PDF exports,"Improve export fidelity for client, compliance, and leadership audiences"
Checklist + legacy planning tool + screenshots,Prioritize fast-path intake and answer-screen workflow
Checklist + legacy planning tool + screenshots,"Strengthen versioning, assumptions tracking, and appendix logic"
Checklist + legacy planning tool + screenshots,"Invest in permissions, logging, and governance controls"
Checklist + legacy planning tool + screenshots,"Treat Section 87 as a first-class workflow, not an exception path"
Checklist + legacy planning tool + screenshots,"Improve export fidelity for client, compliance, and leadership audiences"
Spreadsheet + CRM notes + PDF exports,Prioritize fast-path intake and answer-screen workflow
Spreadsheet + CRM notes + PDF exports,"Improve export fidelity for client, compliance, and leadership audiences"
Checklist + legacy planning tool + screenshots,Prioritize fast-path intake and answer-screen workflow
Checklist + legacy planning tool + screenshots,"Strengthen versioning, assumptions tracking, and appendix logic"
Checklist + legacy planning tool + screenshots,"Invest in permissions, logging, and governance controls"
Checklist + legacy planning tool + screenshots,"Improve export fidelity for client, compliance, and leadership audiences"
Spreadsheet + CRM notes + PDF exports,Prioritize fast-path intake and answer-screen workflow
Spreadsheet + CRM notes + PDF exports,"Strengthen versioning, assumptions tracking, and appendix logic"
Spreadsheet + CRM notes + PDF exports,"Treat Section 87 as a first-class workflow, not an exception path"
Spreadsheet + CRM notes + PDF exports,"Improve export fidelity for client, compliance, and leadership audiences"
Checklist + legacy planning tool + screenshots,"Strengthen versioning, assumptions tracking, and appendix logic"
Spreadsheet + CRM notes + PDF exports,"Invest in permissions, logging, and governance controls"
Spreadsheet + CRM notes + PDF exports,"Improve export fidelity for client, compliance, and leadership audiences"
Spreadsheet + checklist + meeting notes,Prioritize fast-path intake and answer-screen workflow
Spreadsheet + checklist + meeting notes,Prioritize fast-path intake and answer-screen workflow
Spreadsheet + checklist + meeting notes,"Strengthen versioning, assumptions tracking, and appendix logic"
Spreadsheet + CRM notes + PDF exports,Prioritize fast-path intake and answer-screen workflow
Spreadsheet + CRM notes + PDF exports,"Strengthen versioning, assumptions tracking, and appendix logic"
Spreadsheet + CRM notes + PDF exports,"Improve export fidelity for client, compliance, and leadership audiences"
Spreadsheet + checklist + meeting notes,Prioritize fast-path intake and answer-screen workflow
Spreadsheet + checklist + meeting notes,"Improve export fidelity for client, compliance, and leadership audiences"
Spreadsheet + checklist + meeting notes,Prioritize fast-path intake and answer-screen workflow
Spreadsheet + checklist + meeting notes,"Invest in permissions, logging, and governance controls"
Spreadsheet + checklist + meeting notes,"Improve export fidelity for client, compliance, and leadership audiences"
Checklist + legacy planning tool + screenshots,Prioritize fast-path intake and answer-screen workflow
Spreadsheet + checklist + meeting notes,Prioritize fast-path intake and answer-screen workflow
Spreadsheet + checklist + meeting notes,"Invest in permissions, logging, and governance controls"
Spreadsheet + checklist + meeting notes,"Improve export fidelity for client, compliance, and leadership audiences"
Spreadsheet + checklist + meeting notes,Prioritize fast-path intake and answer-screen workflow
Spreadsheet + checklist + meeting notes,"Improve export fidelity for client, compliance, and leadership audiences"
Spreadsheet + CRM notes + PDF exports,Prioritize fast-path intake and answer-screen workflow
Spreadsheet + CRM notes + PDF exports,"Strengthen versioning, assumptions tracking, and appendix logic"
Spreadsheet + CRM notes + PDF exports,"Treat Section 87 as a first-class workflow, not an exception path"
Spreadsheet + checklist + meeting notes,Prioritize fast-path intake and answer-screen workflow
Spreadsheet + checklist + meeting notes,"Improve export fidelity for client, compliance, and leadership audiences"
Spreadsheet + checklist + meeting notes,Prioritize fast-path intake and answer-screen workflow
Spreadsheet + checklist + meeting notes,"Strengthen versioning, assumptions tracking, and appendix logic"
Spreadsheet + checklist + meeting notes,"Improve export fidelity for client, compliance, and leadership audiences"
Checklist + legacy planning tool + screenshots,"Improve export fidelity for client, compliance, and leadership audiences"
Checklist + legacy planning tool + screenshots,"Treat Section 87 as a first-class workflow, not an exception path"
Checklist + legacy planning tool + screenshots,"Improve export fidelity for client, compliance, and leadership audiences"
Spreadsheet + checklist + meeting notes,Prioritize fast-path intake and answer-screen workflow
Spreadsheet + checklist + meeting notes,"Strengthen versioning, assumptions tracking, and appendix logic"
Spreadsheet + checklist + meeting notes,"Improve export fidelity for client, compliance, and leadership audiences"
Checklist + legacy planning tool + screenshots,Prioritize fast-path intake and answer-screen workflow
Checklist + legacy planning tool + screenshots,"Strengthen versioning, assumptions tracking, and appendix logic"
Checklist + legacy planning tool + screenshots,"Improve export fidelity for client, compliance, and leadership audiences"
Spreadsheet + CRM notes + PDF exports,Prioritize fast-path intake and answer-screen workflow
Spreadsheet + CRM notes + PDF exports,"Strengthen versioning, assumptions tracking, and appendix logic"
Spreadsheet + CRM notes + PDF exports,"Improve export fidelity for client, compliance, and leadership audiences"
Checklist + legacy planning tool + screenshots,Prioritize fast-path intake and answer-screen workflow
Checklist + legacy planning tool + screenshots,"Invest in permissions, logging, and governance controls"
Checklist + legacy planning tool + screenshots,"Improve export fidelity for client, compliance, and leadership audiences"
Spreadsheet + checklist + meeting notes,Prioritize fast-path intake and answer-screen workflow
Spreadsheet + checklist + meeting notes,"Improve export fidelity for client, compliance, and leadership audiences"
Checklist + legacy planning tool + screenshots,"Invest in permissions, logging, and governance controls"
Checklist + legacy planning tool + screenshots,"Improve export fidelity for client, compliance, and leadership audiences"
Checklist + legacy planning tool + screenshots,Prioritize fast-path intake and answer-screen workflow
Checklist + legacy planning tool + screenshots,"Strengthen versioning, assumptions tracking, and appendix logic"
Checklist + legacy planning tool + screenshots,"Improve export fidelity for client, compliance, and leadership audiences"
Spreadsheet + CRM notes + PDF exports,Prioritize fast-path intake and answer-screen workflow
Spreadsheet + CRM notes + PDF exports,"Treat Section 87 as a first-class workflow, not an exception path"
Spreadsheet + CRM notes + PDF exports,"Improve export fidelity for client, compliance, and leadership audiences"
Spreadsheet + checklist + meeting notes,Prioritize fast-path intake and answer-screen workflow
Spreadsheet + checklist + meeting notes,"Improve export fidelity for client, compliance, and leadership audiences"
Spreadsheet + checklist + meeting notes,Prioritize fast-path intake and answer-screen workflow
Spreadsheet + CRM notes + PDF exports,Prioritize fast-path intake and answer-screen workflow
Spreadsheet + CRM notes + PDF exports,"Improve export fidelity for client, compliance, and leadership audiences"
Spreadsheet + checklist + meeting notes,Prioritize fast-path intake and answer-screen workflow
Spreadsheet + checklist + meeting notes,"Improve export fidelity for client, compliance, and leadership audiences"
Spreadsheet + checklist + meeting notes,Prioritize fast-path intake and answer-screen workflow
Spreadsheet + checklist + meeting notes,"Improve export fidelity for client, compliance, and leadership audiences"
Spreadsheet + checklist + meeting notes,"Improve export fidelity for client, compliance, and leadership audiences"
Spreadsheet + checklist + meeting notes,"Invest in permissions, logging, and governance controls"
Spreadsheet + CRM notes + PDF exports,Prioritize fast-path intake and answer-screen workflow
Spreadsheet + CRM notes + PDF exports,"Strengthen versioning, assumptions tracking, and appendix logic"
Spreadsheet + checklist + meeting notes,Prioritize fast-path intake and answer-screen workflow
Spreadsheet + checklist + meeting notes,"Strengthen versioning, assumptions tracking, and appendix logic"
Spreadsheet + checklist + meeting notes,"Improve export fidelity for client, compliance, and leadership audiences"
Spreadsheet + checklist + meeting notes,"Strengthen versioning, assumptions tracking, and appendix logic"
Spreadsheet + checklist + meeting notes,"Improve export fidelity for client, compliance, and leadership audiences"
Spreadsheet + checklist + meeting notes,Prioritize fast-path intake and answer-screen workflow
Spreadsheet + checklist + meeting notes,"Strengthen versioning, assumptions tracking, and appendix logic"
Spreadsheet + checklist + meeting notes,"Treat Section 87 as a first-class workflow, not an exception path"
Spreadsheet + CRM notes + PDF exports,Prioritize fast-path intake and answer-screen workflow
Spreadsheet + CRM notes + PDF exports,Prioritize fast-path intake and answer-screen workflow
Spreadsheet + CRM notes + PDF exports,"Strengthen versioning, assumptions tracking, and appendix logic"
Spreadsheet + CRM notes + PDF exports,"Improve export fidelity for client, compliance, and leadership audiences"
Spreadsheet + checklist + meeting notes,"Improve export fidelity for client, compliance, and leadership audiences"
Spreadsheet + CRM notes + PDF exports,Prioritize fast-path intake and answer-screen workflow
Spreadsheet + CRM notes + PDF exports,"Invest in permissions, logging, and governance controls"
Spreadsheet + checklist + meeting notes,Prioritize fast-path intake and answer-screen workflow
Checklist + legacy planning tool + screenshots,Prioritize fast-path intake and answer-screen workflow
Checklist + legacy planning tool + screenshots,"Strengthen versioning, assumptions tracking, and appendix logic"
Checklist + legacy planning tool + screenshots,"Invest in permissions, logging, and governance controls"
Checklist + legacy planning tool + screenshots,"Improve export fidelity for client, compliance, and leadership audiences"
Checklist + legacy planning tool + screenshots,Prioritize fast-path intake and answer-screen workflow
Checklist + legacy planning tool + screenshots,"Improve export fidelity for client, compliance, and leadership audiences"
Spreadsheet + checklist + meeting notes,"Invest in permissions, logging, and governance controls"
Spreadsheet + checklist + meeting notes,"Improve export fidelity for client, compliance, and leadership audiences"
Spreadsheet + CRM notes + PDF exports,Prioritize fast-path intake and answer-screen workflow
Spreadsheet + CRM notes + PDF exports,"Strengthen versioning, assumptions tracking, and appendix logic"
Spreadsheet + checklist + meeting notes,Prioritize fast-path intake and answer-screen workflow
Spreadsheet + checklist + meeting notes,"Strengthen versioning, assumptions tracking, and appendix logic"
Spreadsheet + checklist + meeting notes,"Invest in permissions, logging, and governance controls"
Spreadsheet + checklist + meeting notes,"Improve export fidelity for client, compliance, and leadership audiences"
Spreadsheet + checklist + meeting notes,Prioritize fast-path intake and answer-screen workflow
Spreadsheet + checklist + meeting notes,"Improve export fidelity for client, compliance, and leadership audiences"
Spreadsheet + checklist + meeting notes,Prioritize fast-path intake and answer-screen workflow
Spreadsheet + checklist + meeting notes,"Strengthen versioning, assumptions tracking, and appendix logic"
Spreadsheet + checklist + meeting notes,"Improve export fidelity for client, compliance, and leadership audiences"
Spreadsheet + CRM notes + PDF exports,Prioritize fast-path intake and answer-screen workflow
Spreadsheet + CRM notes + PDF exports,"Invest in permissions, logging, and governance controls"
Spreadsheet + CRM notes + PDF exports,Prioritize fast-path intake and answer-screen workflow
Spreadsheet + CRM notes + PDF exports,"Strengthen versioning, assumptions tracking, and appendix logic"
Spreadsheet + CRM notes + PDF exports,"Improve export fidelity for client, compliance, and leadership audiences"
Spreadsheet + CRM notes + PDF exports,"Improve export fidelity for client, compliance, and leadership audiences"
Spreadsheet + CRM notes + PDF exports,"Strengthen versioning, assumptions tracking, and appendix logic"
Spreadsheet + checklist + meeting notes,Prioritize fast-path intake and answer-screen workflow
Spreadsheet + checklist + meeting notes,"Improve export fidelity for client, compliance, and leadership audiences"
Spreadsheet + checklist + meeting notes,"Improve export fidelity for client, compliance, and leadership audiences"
Spreadsheet + checklist + meeting notes,Prioritize fast-path intake and answer-screen workflow
Spreadsheet + checklist + meeting notes,"Improve export fidelity for client, compliance, and leadership audiences"
Spreadsheet + checklist + meeting notes,Prioritize fast-path intake and answer-screen workflow
Spreadsheet + checklist + meeting notes,"Invest in permissions, logging, and governance controls"
Checklist + legacy planning tool + screenshots,"Strengthen versioning, assumptions tracking, and appendix logic"
Checklist + legacy planning tool + screenshots,"Invest in permissions, logging, and governance controls"
Spreadsheet + CRM notes + PDF exports,"Improve export fidelity for client, compliance, and leadership audiences"
Spreadsheet + checklist + meeting notes,Prioritize fast-path intake and answer-screen workflow
Spreadsheet + checklist + meeting notes,"Strengthen versioning, assumptions tracking, and appendix logic"
Spreadsheet + CRM notes + PDF exports,Prioritize fast-path intake and answer-screen workflow
Spreadsheet + CRM notes + PDF exports,"Strengthen versioning, assumptions tracking, and appendix logic"
Spreadsheet + CRM notes + PDF exports,"Invest in permissions, logging, and governance controls"
Spreadsheet + CRM notes + PDF exports,"Improve export fidelity for client, compliance, and leadership audiences"
Spreadsheet + checklist + meeting notes,Prioritize fast-path intake and answer-screen workflow
Spreadsheet + checklist + meeting notes,"Strengthen versioning, assumptions tracking, and appendix logic"
Spreadsheet + checklist + meeting notes,"Improve export fidelity for client, compliance, and leadership audiences"
Checklist + legacy planning tool + screenshots,Prioritize fast-path intake and answer-screen workflow
Spreadsheet + checklist + meeting notes,"Improve export fidelity for client, compliance, and leadership audiences"
Checklist + legacy planning tool + screenshots,Prioritize fast-path intake and answer-screen workflow
Checklist + legacy planning tool + screenshots,"Strengthen versioning, assumptions tracking, and appendix logic"
Spreadsheet + checklist + meeting notes,"Improve export fidelity for client, compliance, and leadership audiences"
Spreadsheet + CRM notes + PDF exports,Prioritize fast-path intake and answer-screen workflow
Spreadsheet + CRM notes + PDF exports,"Strengthen versioning, assumptions tracking, and appendix logic"
Spreadsheet + CRM notes + PDF exports,"Improve export fidelity for client, compliance, and leadership audiences"
Spreadsheet + CRM notes + PDF exports,Prioritize fast-path intake and answer-screen workflow
Spreadsheet + CRM notes + PDF exports,"Improve export fidelity for client, compliance, and leadership audiences"
Checklist + legacy planning tool + screenshots,
Checklist + legacy planning tool + screenshots,Prioritize fast-path intake and answer-screen workflow
Checklist + legacy planning tool + screenshots,"Improve export fidelity for client, compliance, and leadership audiences"
Checklist + legacy planning tool + screenshots,Prioritize fast-path intake and answer-screen workflow
Checklist + legacy planning tool + screenshots,"Improve export fidelity for client, compliance, and leadership audiences"
Spreadsheet + CRM notes + PDF exports,Prioritize fast-path intake and answer-screen workflow
Spreadsheet + CRM notes + PDF exports,"Improve export fidelity for client, compliance, and leadership audiences"
Checklist + legacy planning tool + screenshots,"Improve export fidelity for client, compliance, and leadership audiences"
Spreadsheet + CRM notes + PDF exports,Prioritize fast-path intake and answer-screen workflow
Spreadsheet + CRM notes + PDF exports,"Strengthen versioning, assumptions tracking, and appendix logic"
Spreadsheet + CRM notes + PDF exports,"Invest in permissions, logging, and governance controls"
Spreadsheet + checklist + meeting notes,"Improve export fidelity for client, compliance, and leadership audiences"
Checklist + legacy planning tool + screenshots,"Improve export fidelity for client, compliance, and leadership audiences"
Checklist + legacy planning tool + screenshots,Prioritize fast-path intake and answer-screen workflow
Checklist + legacy planning tool + screenshots,"Invest in permissions, logging, and governance controls"
Checklist + legacy planning tool + screenshots,"Improve export fidelity for client, compliance, and leadership audiences"
Spreadsheet + checklist + meeting notes,Prioritize fast-path intake and answer-screen workflow
Spreadsheet + checklist + meeting notes,"Improve export fidelity for client, compliance, and leadership audiences"
Spreadsheet + checklist + meeting notes,Prioritize fast-path intake and answer-screen workflow
Spreadsheet + checklist + meeting notes,"Improve export fidelity for client, compliance, and leadership audiences"
Spreadsheet + checklist + meeting notes,Prioritize fast-path intake and answer-screen workflow
Spreadsheet + checklist + meeting notes,"Treat Section 87 as a first-class workflow, not an exception path"
Spreadsheet + checklist + meeting notes,Prioritize fast-path intake and answer-screen workflow
Checklist + legacy planning tool + screenshots,Prioritize fast-path intake and answer-screen workflow
Checklist + legacy planning tool + screenshots,"Invest in permissions, logging, and governance controls"
Checklist + legacy planning tool + screenshots,"Improve export fidelity for client, compliance, and leadership audiences"
Spreadsheet + CRM notes + PDF exports,"Strengthen versioning, assumptions tracking, and appendix logic"
Spreadsheet + CRM notes + PDF exports,"Improve export fidelity for client, compliance, and leadership audiences"
Checklist + legacy planning tool + screenshots,Prioritize fast-path intake and answer-screen workflow
Checklist + legacy planning tool + screenshots,"Improve export fidelity for client, compliance, and leadership audiences"
Spreadsheet + checklist + meeting notes,Prioritize fast-path intake and answer-screen workflow
Spreadsheet + checklist + meeting notes,"Improve export fidelity for client, compliance, and leadership audiences"
Checklist + legacy planning tool + screenshots,Prioritize fast-path intake and answer-screen workflow
Checklist + legacy planning tool + screenshots,"Strengthen versioning, assumptions tracking, and appendix logic"
Checklist + legacy planning tool + screenshots,"Improve export fidelity for client, compliance, and leadership audiences"
Spreadsheet + CRM notes + PDF exports,Prioritize fast-path intake and answer-screen workflow
Spreadsheet + CRM notes + PDF exports,"Strengthen versioning, assumptions tracking, and appendix logic"
Spreadsheet + CRM notes + PDF exports,"Invest in permissions, logging, and governance controls"
Spreadsheet + CRM notes + PDF exports,"Treat Section 87 as a first-class workflow, not an exception path"
Spreadsheet + CRM notes + PDF exports,"Improve export fidelity for client, compliance, and leadership audiences"
Spreadsheet + CRM notes + PDF exports,
Spreadsheet + CRM notes + PDF exports,Prioritize fast-path intake and answer-screen workflow
Spreadsheet + CRM notes + PDF exports,"Invest in permissions, logging, and governance controls"
Spreadsheet + CRM notes + PDF exports,"Improve export fidelity for client, compliance, and leadership audiences"
Checklist + legacy planning tool + screenshots,Prioritize fast-path intake and answer-screen workflow
Checklist + legacy planning tool + screenshots,"Improve export fidelity for client, compliance, and leadership audiences"
Spreadsheet + CRM notes + PDF exports,"Strengthen versioning, assumptions tracking, and appendix logic"
Spreadsheet + CRM notes + PDF exports,"Improve export fidelity for client, compliance, and leadership audiences"
Checklist + legacy planning tool + screenshots,Prioritize fast-path intake and answer-screen workflow
Checklist + legacy planning tool + screenshots,"Improve export fidelity for client, compliance, and leadership audiences"
Checklist + legacy planning tool + screenshots,Prioritize fast-path intake and answer-screen workflow
Checklist + legacy planning tool + screenshots,"Improve export fidelity for client, compliance, and leadership audiences"
Spreadsheet + CRM notes + PDF exports,
Spreadsheet + checklist + meeting notes,Prioritize fast-path intake and answer-screen workflow
Spreadsheet + checklist + meeting notes,"Strengthen versioning, assumptions tracking, and appendix logic"
Checklist + legacy planning tool + screenshots,Prioritize fast-path intake and answer-screen workflow
Checklist + legacy planning tool + screenshots,"Improve export fidelity for client, compliance, and leadership audiences"
Checklist + legacy planning tool + screenshots,Prioritize fast-path intake and answer-screen workflow
Checklist + legacy planning tool + screenshots,"Improve export fidelity for client, compliance, and leadership audiences"
Spreadsheet + CRM notes + PDF exports,Prioritize fast-path intake and answer-screen workflow
Spreadsheet + CRM notes + PDF exports,"Strengthen versioning, assumptions tracking, and appendix logic"
Spreadsheet + CRM notes + PDF exports,"Improve export fidelity for client, compliance, and leadership audiences"
Spreadsheet + checklist + meeting notes,Prioritize fast-path intake and answer-screen workflow
Spreadsheet + checklist + meeting notes,"Improve export fidelity for client, compliance, and leadership audiences"
Spreadsheet + checklist + meeting notes,Prioritize fast-path intake and answer-screen workflow
Spreadsheet + checklist + meeting notes,"Improve export fidelity for client, compliance, and leadership audiences"
Spreadsheet + checklist + meeting notes,"Strengthen versioning, assumptions tracking, and appendix logic"
Spreadsheet + checklist + meeting notes,"Improve export fidelity for client, compliance, and leadership audiences"
Spreadsheet + checklist + meeting notes,Prioritize fast-path intake and answer-screen workflow
Spreadsheet + checklist + meeting notes,"Strengthen versioning, assumptions tracking, and appendix logic"
Spreadsheet + checklist + meeting notes,"Improve export fidelity for client, compliance, and leadership audiences"
Spreadsheet + CRM notes + PDF exports,"Strengthen versioning, assumptions tracking, and appendix logic"
Spreadsheet + CRM notes + PDF exports,"Improve export fidelity for client, compliance, and leadership audiences"
Spreadsheet + checklist + meeting notes,Prioritize fast-path intake and answer-screen workflow
Spreadsheet + checklist + meeting notes,"Improve export fidelity for client, compliance, and leadership audiences"
Spreadsheet + CRM notes + PDF exports,Prioritize fast-path intake and answer-screen workflow
Spreadsheet + CRM notes + PDF exports,"Invest in permissions, logging, and governance controls"
Spreadsheet + CRM notes + PDF exports,"Treat Section 87 as a first-class workflow, not an exception path"
Spreadsheet + CRM notes + PDF exports,"Improve export fidelity for client, compliance, and leadership audiences"
Checklist + legacy planning tool + screenshots,Prioritize fast-path intake and answer-screen workflow
Checklist + legacy planning tool + screenshots,"Strengthen versioning, assumptions tracking, and appendix logic"
Checklist + legacy planning tool + screenshots,"Improve export fidelity for client, compliance, and leadership audiences"
Spreadsheet + checklist + meeting notes,Prioritize fast-path intake and answer-screen workflow
Spreadsheet + checklist + meeting notes,"Strengthen versioning, assumptions tracking, and appendix logic"
Spreadsheet + checklist + meeting notes,"Improve export fidelity for client, compliance, and leadership audiences"
Checklist + legacy planning tool + screenshots,Prioritize fast-path intake and answer-screen workflow
Checklist + legacy planning tool + screenshots,"Improve export fidelity for client, compliance, and leadership audiences"
Checklist + legacy planning tool + screenshots,"Strengthen versioning, assumptions tracking, and appendix logic"
Checklist + legacy planning tool + screenshots,"Improve export fidelity for client, compliance, and leadership audiences"
Spreadsheet + checklist + meeting notes,"Improve export fidelity for client, compliance, and leadership audiences"
Spreadsheet + checklist + meeting notes,Prioritize fast-path intake and answer-screen workflow
Spreadsheet + CRM notes + PDF exports,Prioritize fast-path intake and answer-screen workflow
Spreadsheet + CRM notes + PDF exports,"Strengthen versioning, assumptions tracking, and appendix logic"
Spreadsheet + CRM notes + PDF exports,"Invest in permissions, logging, and governance controls"
Spreadsheet + CRM notes + PDF exports,"Improve export fidelity for client, compliance, and leadership audiences"
Spreadsheet + checklist + meeting notes,Prioritize fast-path intake and answer-screen workflow
Spreadsheet + checklist + meeting notes,"Improve export fidelity for client, compliance, and leadership audiences"
Spreadsheet + checklist + meeting notes,"Strengthen versioning, assumptions tracking, and appendix logic"
Spreadsheet + checklist + meeting notes,"Improve export fidelity for client, compliance, and leadership audiences"
Checklist + legacy planning tool + screenshots,Prioritize fast-path intake and answer-screen workflow
Checklist + legacy planning tool + screenshots,"Invest in permissions, logging, and governance controls"
Checklist + legacy planning tool + screenshots,"Improve export fidelity for client, compliance, and leadership audiences"
Checklist + legacy planning tool + screenshots,Prioritize fast-path intake and answer-screen workflow
Checklist + legacy planning tool + screenshots,"Invest in permissions, logging, and governance controls"
Checklist + legacy planning tool + screenshots,"Improve export fidelity for client, compliance, and leadership audiences"
Spreadsheet + checklist + meeting notes,Prioritize fast-path intake and answer-screen workflow
Spreadsheet + checklist + meeting notes,"Strengthen versioning, assumptions tracking, and appendix logic"
Spreadsheet + checklist + meeting notes,"Improve export fidelity for client, compliance, and leadership audiences"
Intake package + spreadsheets + narrative memo,"Strengthen versioning, assumptions tracking, and appendix logic"
Intake package + spreadsheets + narrative memo,"Improve export fidelity for client, compliance, and leadership audiences"
Spreadsheet + email threads + Word memo,Prioritize fast-path intake and answer-screen workflow
Spreadsheet + email threads + Word memo,"Invest in permissions, logging, and governance controls"
Spreadsheet + email threads + Word memo,"Improve export fidelity for client, compliance, and leadership audiences"
Spreadsheet + email threads + Word memo,"Strengthen versioning, assumptions tracking, and appendix logic"
Spreadsheet + email threads + Word memo,"Strengthen versioning, assumptions tracking, and appendix logic"
Spreadsheet + email threads + Word memo,"Improve export fidelity for client, compliance, and leadership audiences"
Intake package + spreadsheets + narrative memo,Prioritize fast-path intake and answer-screen workflow
Intake package + spreadsheets + narrative memo,"Strengthen versioning, assumptions tracking, and appendix logic"
Intake package + spreadsheets + narrative memo,"Improve export fidelity for client, compliance, and leadership audiences"
Spreadsheet + email threads + Word memo,Prioritize fast-path intake and answer-screen workflow
Spreadsheet + email threads + Word memo,"Strengthen versioning, assumptions tracking, and appendix logic"
Spreadsheet + email threads + Word memo,"Invest in permissions, logging, and governance controls"
Spreadsheet + email threads + Word memo,"Improve export fidelity for client, compliance, and leadership audiences"
Spreadsheet + email threads + Word memo,"Strengthen versioning, assumptions tracking, and appendix logic"
Spreadsheet + email threads + Word memo,"Improve export fidelity for client, compliance, and leadership audiences"
Spreadsheet + email threads + Word memo,"Strengthen versioning, assumptions tracking, and appendix logic"
Intake package + spreadsheets + narrative memo,"Strengthen versioning, assumptions tracking, and appendix logic"
Intake package + spreadsheets + narrative memo,"Invest in permissions, logging, and governance controls"
Intake package + spreadsheets + narrative memo,"Improve export fidelity for client, compliance, and leadership audiences"
Intake package + spreadsheets + narrative memo,Prioritize fast-path intake and answer-screen workflow
Intake package + spreadsheets + narrative memo,"Strengthen versioning, assumptions tracking, and appendix logic"
Intake package + spreadsheets + narrative memo,"Treat Section 87 as a first-class workflow, not an exception path"
Manual estate flow map rebuilt for each case,Prioritize fast-path intake and answer-screen workflow
Manual estate flow map rebuilt for each case,"Strengthen versioning, assumptions tracking, and appendix logic"
Manual estate flow map rebuilt for each case,"Improve export fidelity for client, compliance, and leadership audiences"
Spreadsheet + email threads + Word memo,Prioritize fast-path intake and answer-screen workflow
Spreadsheet + email threads + Word memo,"Strengthen versioning, assumptions tracking, and appendix logic"
Spreadsheet + email threads + Word memo,"Invest in permissions, logging, and governance controls"
Spreadsheet + email threads + Word memo,"Treat Section 87 as a first-class workflow, not an exception path"
Spreadsheet + email threads + Word memo,"Improve export fidelity for client, compliance, and leadership audiences"
Spreadsheet + email threads + Word memo,Prioritize fast-path intake and answer-screen workflow
Spreadsheet + email threads + Word memo,"Strengthen versioning, assumptions tracking, and appendix logic"
Spreadsheet + email threads + Word memo,"Invest in permissions, logging, and governance controls"
Spreadsheet + email threads + Word memo,"Improve export fidelity for client, compliance, and leadership audiences"
Spreadsheet + email threads + Word memo,"Strengthen versioning, assumptions tracking, and appendix logic"
Spreadsheet + email threads + Word memo,"Invest in permissions, logging, and governance controls"
Intake package + spreadsheets + narrative memo,"Strengthen versioning, assumptions tracking, and appendix logic"
Intake package + spreadsheets + narrative memo,"Improve export fidelity for client, compliance, and leadership audiences"
Intake package + spreadsheets + narrative memo,"Strengthen versioning, assumptions tracking, and appendix logic"
Intake package + spreadsheets + narrative memo,"Improve export fidelity for client, compliance, and leadership audiences"
Intake package + spreadsheets + narrative memo,"Invest in permissions, logging, and governance controls"
Intake package + spreadsheets + narrative memo,"Improve export fidelity for client, compliance, and leadership audiences"
Intake package + spreadsheets + narrative memo,Prioritize fast-path intake and answer-screen workflow
Intake package + spreadsheets + narrative memo,"Strengthen versioning, assumptions tracking, and appendix logic"
Intake package + spreadsheets + narrative memo,"Improve export fidelity for client, compliance, and leadership audiences"
Intake package + spreadsheets + narrative memo,"Strengthen versioning, assumptions tracking, and appendix logic"
Intake package + spreadsheets + narrative memo,"Invest in permissions, logging, and governance controls"
Intake package + spreadsheets + narrative memo,"Improve export fidelity for client, compliance, and leadership audiences"
Intake package + spreadsheets + narrative memo,Prioritize fast-path intake and answer-screen workflow
Intake package + spreadsheets + narrative memo,"Strengthen versioning, assumptions tracking, and appendix logic"
Intake package + spreadsheets + narrative memo,"Invest in permissions, logging, and governance controls"
Intake package + spreadsheets + narrative memo,"Improve export fidelity for client, compliance, and leadership audiences"
Spreadsheet + email threads + Word memo,"Improve export fidelity for client, compliance, and leadership audiences"
Spreadsheet + email threads + Word memo,Prioritize fast-path intake and answer-screen workflow
Spreadsheet + email threads + Word memo,"Strengthen versioning, assumptions tracking, and appendix logic"
Spreadsheet + email threads + Word memo,"Invest in permissions, logging, and governance controls"
Spreadsheet + email threads + Word memo,"Improve export fidelity for client, compliance, and leadership audiences"
Spreadsheet + email threads + Word memo,"Strengthen versioning, assumptions tracking, and appendix logic"
Spreadsheet + email threads + Word memo,"Invest in permissions, logging, and governance controls"
Spreadsheet + email threads + Word memo,"Improve export fidelity for client, compliance, and leadership audiences"
Manual estate flow map rebuilt for each case,"Strengthen versioning, assumptions tracking, and appendix logic"
Manual estate flow map rebuilt for each case,"Invest in permissions, logging, and governance controls"
Manual estate flow map rebuilt for each case,"Improve export fidelity for client, compliance, and leadership audiences"
Intake package + spreadsheets + narrative memo,Prioritize fast-path intake and answer-screen workflow
Intake package + spreadsheets + narrative memo,"Strengthen versioning, assumptions tracking, and appendix logic"
Intake package + spreadsheets + narrative memo,"Improve export fidelity for client, compliance, and leadership audiences"
Manual estate flow map rebuilt for each case,Prioritize fast-path intake and answer-screen workflow
Intake package + spreadsheets + narrative memo,"Strengthen versioning, assumptions tracking, and appendix logic"
Intake package + spreadsheets + narrative memo,"Improve export fidelity for client, compliance, and leadership audiences"
Intake package + spreadsheets + narrative memo,"Strengthen versioning, assumptions tracking, and appendix logic"
Intake package + spreadsheets + narrative memo,"Invest in permissions, logging, and governance controls"
Intake package + spreadsheets + narrative memo,"Improve export fidelity for client, compliance, and leadership audiences"
Spreadsheet + email threads + Word memo,"Strengthen versioning, assumptions tracking, and appendix logic"
Spreadsheet + email threads + Word memo,"Improve export fidelity for client, compliance, and leadership audiences"
Spreadsheet + email threads + Word memo,Prioritize fast-path intake and answer-screen workflow
Spreadsheet + email threads + Word memo,"Strengthen versioning, assumptions tracking, and appendix logic"
Spreadsheet + email threads + Word memo,"Improve export fidelity for client, compliance, and leadership audiences"
Intake package + spreadsheets + narrative memo,Prioritize fast-path intake and answer-screen workflow
Intake package + spreadsheets + narrative memo,"Strengthen versioning, assumptions tracking, and appendix logic"
Intake package + spreadsheets + narrative memo,"Improve export fidelity for client, compliance, and leadership audiences"
Manual estate flow map rebuilt for each case,"Strengthen versioning, assumptions tracking, and appendix logic"
Manual estate flow map rebuilt for each case,"Treat Section 87 as a first-class workflow, not an exception path"
Manual estate flow map rebuilt for each case,"Improve export fidelity for client, compliance, and leadership audiences"
Intake package + spreadsheets + narrative memo,"Strengthen versioning, assumptions tracking, and appendix logic"
Spreadsheet + email threads + Word memo,Prioritize fast-path intake and answer-screen workflow
Spreadsheet + email threads + Word memo,"Strengthen versioning, assumptions tracking, and appendix logic"
Spreadsheet + email threads + Word memo,"Improve export fidelity for client, compliance, and leadership audiences"
Spreadsheet + email threads + Word memo,Prioritize fast-path intake and answer-screen workflow
Spreadsheet + email threads + Word memo,"Strengthen versioning, assumptions tracking, and appendix logic"
Spreadsheet + email threads + Word memo,"Invest in permissions, logging, and governance controls"
Spreadsheet + email threads + Word memo,"Treat Section 87 as a first-class workflow, not an exception path"
Spreadsheet + email threads + Word memo,"Improve export fidelity for client, compliance, and leadership audiences"
Intake package + spreadsheets + narrative memo,"Strengthen versioning, assumptions tracking, and appendix logic"
Intake package + spreadsheets + narrative memo,"Improve export fidelity for client, compliance, and leadership audiences"
Manual estate flow map rebuilt for each case,"Strengthen versioning, assumptions tracking, and appendix logic"
Manual estate flow map rebuilt for each case,"Improve export fidelity for client, compliance, and leadership audiences"
Manual estate flow map rebuilt for each case,Prioritize fast-path intake and answer-screen workflow
Manual estate flow map rebuilt for each case,"Strengthen versioning, assumptions tracking, and appendix logic"
Manual estate flow map rebuilt for each case,"Strengthen versioning, assumptions tracking, and appendix logic"
Manual estate flow map rebuilt for each case,"Improve export fidelity for client, compliance, and leadership audiences"
Manual estate flow map rebuilt for each case,"Strengthen versioning, assumptions tracking, and appendix logic"
Manual estate flow map rebuilt for each case,"Treat Section 87 as a first-class workflow, not an exception path"
Manual estate flow map rebuilt for each case,"Improve export fidelity for client, compliance, and leadership audiences"
Spreadsheet + email threads + Word memo,"Strengthen versioning, assumptions tracking, and appendix logic"
Spreadsheet + email threads + Word memo,"Improve export fidelity for client, compliance, and leadership audiences"
Intake package + spreadsheets + narrative memo,"Invest in permissions, logging, and governance controls"
Intake package + spreadsheets + narrative memo,"Improve export fidelity for client, compliance, and leadership audiences"
Intake package + spreadsheets + narrative memo,"Strengthen versioning, assumptions tracking, and appendix logic"
Intake package + spreadsheets + narrative memo,"Improve export fidelity for client, compliance, and leadership audiences"
Spreadsheet + email threads + Word memo,Prioritize fast-path intake and answer-screen workflow
Spreadsheet + email threads + Word memo,"Strengthen versioning, assumptions tracking, and appendix logic"
Spreadsheet + email threads + Word memo,"Invest in permissions, logging, and governance controls"
Spreadsheet + email threads + Word memo,"Treat Section 87 as a first-class workflow, not an exception path"
Spreadsheet + email threads + Word memo,"Improve export fidelity for client, compliance, and leadership audiences"
Intake package + spreadsheets + narrative memo,"Strengthen versioning, assumptions tracking, and appendix logic"
Spreadsheet + email threads + Word memo,"Invest in permissions, logging, and governance controls"
Spreadsheet + email threads + Word memo,"Improve export fidelity for client, compliance, and leadership audiences"
Spreadsheet + email threads + Word memo,"Strengthen versioning, assumptions tracking, and appendix logic"
Spreadsheet + email threads + Word memo,"Improve export fidelity for client, compliance, and leadership audiences"
Manual estate flow map rebuilt for each case,Prioritize fast-path intake and answer-screen workflow
Manual estate flow map rebuilt for each case,"Strengthen versioning, assumptions tracking, and appendix logic"
Manual estate flow map rebuilt for each case,"Strengthen versioning, assumptions tracking, and appendix logic"
Manual estate flow map rebuilt for each case,"Improve export fidelity for client, compliance, and leadership audiences"
Intake package + spreadsheets + narrative memo,"Strengthen versioning, assumptions tracking, and appendix logic"
Intake package + spreadsheets + narrative memo,"Improve export fidelity for client, compliance, and leadership audiences"
Intake package + spreadsheets + narrative memo,"Invest in permissions, logging, and governance controls"
Intake package + spreadsheets + narrative memo,"Improve export fidelity for client, compliance, and leadership audiences"
Spreadsheet + email threads + Word memo,Prioritize fast-path intake and answer-screen workflow
Spreadsheet + email threads + Word memo,Prioritize fast-path intake and answer-screen workflow
Spreadsheet + email threads + Word memo,"Strengthen versioning, assumptions tracking, and appendix logic"
Spreadsheet + email threads + Word memo,"Improve export fidelity for client, compliance, and leadership audiences"
Intake package + spreadsheets + narrative memo,Prioritize fast-path intake and answer-screen workflow
Intake package + spreadsheets + narrative memo,"Improve export fidelity for client, compliance, and leadership audiences"
Spreadsheet + email threads + Word memo,Prioritize fast-path intake and answer-screen workflow
Spreadsheet + email threads + Word memo,"Strengthen versioning, assumptions tracking, and appendix logic"
Spreadsheet + email threads + Word memo,"Treat Section 87 as a first-class workflow, not an exception path"
Spreadsheet + email threads + Word memo,"Improve export fidelity for client, compliance, and leadership audiences"
Intake package + spreadsheets + narrative memo,Prioritize fast-path intake and answer-screen workflow
Intake package + spreadsheets + narrative memo,"Strengthen versioning, assumptions tracking, and appendix logic"
Intake package + spreadsheets + narrative memo,"Improve export fidelity for client, compliance, and leadership audiences"
Intake package + spreadsheets + narrative memo,Prioritize fast-path intake and answer-screen workflow
Intake package + spreadsheets + narrative memo,"Strengthen versioning, assumptions tracking, and appendix logic"
Intake package + spreadsheets + narrative memo,"Improve export fidelity for client, compliance, and leadership audiences"
Intake package + spreadsheets + narrative memo,Prioritize fast-path intake and answer-screen workflow
Intake package + spreadsheets + narrative memo,"Invest in permissions, logging, and governance controls"
Intake package + spreadsheets + narrative memo,"Improve export fidelity for client, compliance, and leadership audiences"
Intake package + spreadsheets + narrative memo,"Strengthen versioning, assumptions tracking, and appendix logic"
Intake package + spreadsheets + narrative memo,"Invest in permissions, logging, and governance controls"
Intake package + spreadsheets + narrative memo,"Improve export fidelity for client, compliance, and leadership audiences"
Intake package + spreadsheets + narrative memo,Prioritize fast-path intake and answer-screen workflow
Intake package + spreadsheets + narrative memo,"Strengthen versioning, assumptions tracking, and appendix logic"
Intake package + spreadsheets + narrative memo,"Improve export fidelity for client, compliance, and leadership audiences"
Intake package + spreadsheets + narrative memo,Prioritize fast-path intake and answer-screen workflow
Intake package + spreadsheets + narrative memo,"Strengthen versioning, assumptions tracking, and appendix logic"
Intake package + spreadsheets + narrative memo,"Invest in permissions, logging, and governance controls"
Intake package + spreadsheets + narrative memo,"Improve export fidelity for client, compliance, and leadership audiences"
Spreadsheet + email threads + Word memo,"Treat Section 87 as a first-class workflow, not an exception path"
Spreadsheet + email threads + Word memo,"Improve export fidelity for client, compliance, and leadership audiences"
Manual estate flow map rebuilt for each case,Prioritize fast-path intake and answer-screen workflow
Manual estate flow map rebuilt for each case,"Strengthen versioning, assumptions tracking, and appendix logic"
Manual estate flow map rebuilt for each case,"Invest in permissions, logging, and governance controls"
Manual estate flow map rebuilt for each case,"Improve export fidelity for client, compliance, and leadership audiences"
Spreadsheet + email threads + Word memo,"Strengthen versioning, assumptions tracking, and appendix logic"
Spreadsheet + email threads + Word memo,"Invest in permissions, logging, and governance controls"
Intake package + spreadsheets + narrative memo,Prioritize fast-path intake and answer-screen workflow
Intake package + spreadsheets + narrative memo,"Improve export fidelity for client, compliance, and leadership audiences"
Manual estate flow map rebuilt for each case,Prioritize fast-path intake and answer-screen workflow
Manual estate flow map rebuilt for each case,"Strengthen versioning, assumptions tracking, and appendix logic"
Manual estate flow map rebuilt for each case,"Invest in permissions, logging, and governance controls"
Manual estate flow map rebuilt for each case,"Improve export fidelity for client, compliance, and leadership audiences"
Spreadsheet + email threads + Word memo,"Strengthen versioning, assumptions tracking, and appendix logic"
Spreadsheet + email threads + Word memo,"Improve export fidelity for client, compliance, and leadership audiences"
Manual estate flow map rebuilt for each case,"Strengthen versioning, assumptions tracking, and appendix logic"
Intake package + spreadsheets + narrative memo,Prioritize fast-path intake and answer-screen workflow
Intake package + spreadsheets + narrative memo,"Strengthen versioning, assumptions tracking, and appendix logic"
Intake package + spreadsheets + narrative memo,"Treat Section 87 as a first-class workflow, not an exception path"
Intake package + spreadsheets + narrative memo,"Improve export fidelity for client, compliance, and leadership audiences"
Intake package + spreadsheets + narrative memo,Prioritize fast-path intake and answer-screen workflow
Intake package + spreadsheets + narrative memo,"Strengthen versioning, assumptions tracking, and appendix logic"
Intake package + spreadsheets + narrative memo,"Improve export fidelity for client, compliance, and leadership audiences"
Intake package + spreadsheets + narrative memo,"Strengthen versioning, assumptions tracking, and appendix logic"
Intake package + spreadsheets + narrative memo,"Improve export fidelity for client, compliance, and leadership audiences"
Intake package + spreadsheets + narrative memo,"Strengthen versioning, assumptions tracking, and appendix logic"
Intake package + spreadsheets + narrative memo,Prioritize fast-path intake and answer-screen workflow
Intake package + spreadsheets + narrative memo,"Invest in permissions, logging, and governance controls"
Intake package + spreadsheets + narrative memo,"Improve export fidelity for client, compliance, and leadership audiences"
Spreadsheet + email threads + Word memo,"Strengthen versioning, assumptions tracking, and appendix logic"
Spreadsheet + email threads + Word memo,"Treat Section 87 as a first-class workflow, not an exception path"
Spreadsheet + email threads + Word memo,"Improve export fidelity for client, compliance, and leadership audiences"
Intake package + spreadsheets + narrative memo,Prioritize fast-path intake and answer-screen workflow
Intake package + spreadsheets + narrative memo,"Strengthen versioning, assumptions tracking, and appendix logic"
Intake package + spreadsheets + narrative memo,"Improve export fidelity for client, compliance, and leadership audiences"
Intake package + spreadsheets + narrative memo,Prioritize fast-path intake and answer-screen workflow
Intake package + spreadsheets + narrative memo,"Strengthen versioning, assumptions tracking, and appendix logic"
Intake package + spreadsheets + narrative memo,"Improve export fidelity for client, compliance, and leadership audiences"
Intake package + spreadsheets + narrative memo,Prioritize fast-path intake and answer-screen workflow
Intake package + spreadsheets + narrative memo,"Strengthen versioning, assumptions tracking, and appendix logic"
Intake package + spreadsheets + narrative memo,"Improve export fidelity for client, compliance, and leadership audiences"
Spreadsheet + email threads + Word memo,"Strengthen versioning, assumptions tracking, and appendix logic"
Spreadsheet + email threads + Word memo,"Improve export fidelity for client, compliance, and leadership audiences"
Intake package + spreadsheets + narrative memo,"Invest in permissions, logging, and governance controls"
Intake package + spreadsheets + narrative memo,"Treat Section 87 as a first-class workflow, not an exception path"
Intake package + spreadsheets + narrative memo,"Improve export fidelity for client, compliance, and leadership audiences"
Spreadsheet + email threads + Word memo,Prioritize fast-path intake and answer-screen workflow
Spreadsheet + email threads + Word memo,"Strengthen versioning, assumptions tracking, and appendix logic"
Manual estate flow map rebuilt for each case,"Strengthen versioning, assumptions tracking, and appendix logic"
Manual estate flow map rebuilt for each case,"Improve export fidelity for client, compliance, and leadership audiences"
Intake package + spreadsheets + narrative memo,Prioritize fast-path intake and answer-screen workflow
Intake package + spreadsheets + narrative memo,"Strengthen versioning, assumptions tracking, and appendix logic"
Intake package + spreadsheets + narrative memo,"Invest in permissions, logging, and governance controls"
Intake package + spreadsheets + narrative memo,"Improve export fidelity for client, compliance, and leadership audiences"
Intake package + spreadsheets + narrative memo,Prioritize fast-path intake and answer-screen workflow
Manual estate flow map rebuilt for each case,"Strengthen versioning, assumptions tracking, and appendix logic"
Intake package + spreadsheets + narrative memo,Prioritize fast-path intake and answer-screen workflow
Intake package + spreadsheets + narrative memo,"Strengthen versioning, assumptions tracking, and appendix logic"
Intake package + spreadsheets + narrative memo,"Invest in permissions, logging, and governance controls"
Intake package + spreadsheets + narrative memo,"Improve export fidelity for client, compliance, and leadership audiences"
Intake package + spreadsheets + narrative memo,"Strengthen versioning, assumptions tracking, and appendix logic"
Intake package + spreadsheets + narrative memo,"Improve export fidelity for client, compliance, and leadership audiences"
Intake package + spreadsheets + narrative memo,"Improve export fidelity for client, compliance, and leadership audiences"
Spreadsheet + email threads + Word memo,"Invest in permissions, logging, and governance controls"
Spreadsheet + email threads + Word memo,"Improve export fidelity for client, compliance, and leadership audiences"
Manual estate flow map rebuilt for each case,"Invest in permissions, logging, and governance controls"
Intake package + spreadsheets + narrative memo,Prioritize fast-path intake and answer-screen workflow
Intake package + spreadsheets + narrative memo,"Strengthen versioning, assumptions tracking, and appendix logic"
Intake package + spreadsheets + narrative memo,"Improve export fidelity for client, compliance, and leadership audiences"
Manual estate flow map rebuilt for each case,Prioritize fast-path intake and answer-screen workflow
Manual estate flow map rebuilt for each case,"Strengthen versioning, assumptions tracking, and appendix logic"
Manual estate flow map rebuilt for each case,"Improve export fidelity for client, compliance, and leadership audiences"
Intake package + spreadsheets + narrative memo,"Strengthen versioning, assumptions tracking, and appendix logic"
Intake package + spreadsheets + narrative memo,"Improve export fidelity for client, compliance, and leadership audiences"
Spreadsheet + email threads + Word memo,"Strengthen versioning, assumptions tracking, and appendix logic"
Spreadsheet + email threads + Word memo,"Improve export fidelity for client, compliance, and leadership audiences"
Spreadsheet + email threads + Word memo,"Strengthen versioning, assumptions tracking, and appendix logic"
Spreadsheet + email threads + Word memo,"Invest in permissions, logging, and governance controls"
Spreadsheet + email threads + Word memo,"Improve export fidelity for client, compliance, and leadership audiences"
Spreadsheet + email threads + Word memo,Prioritize fast-path intake and answer-screen workflow
Spreadsheet + email threads + Word memo,"Strengthen versioning, assumptions tracking, and appendix logic"
Spreadsheet + email threads + Word memo,"Improve export fidelity for client, compliance, and leadership audiences"
Spreadsheet + email threads + Word memo,"Strengthen versioning, assumptions tracking, and appendix logic"
Spreadsheet + email threads + Word memo,"Improve export fidelity for client, compliance, and leadership audiences"
Intake package + spreadsheets + narrative memo,"Strengthen versioning, assumptions tracking, and appendix logic"
Intake package + spreadsheets + narrative memo,"Strengthen versioning, assumptions tracking, and appendix logic"
Intake package + spreadsheets + narrative memo,"Improve export fidelity for client, compliance, and leadership audiences"
Spreadsheet + email threads + Word memo,"Strengthen versioning, assumptions tracking, and appendix logic"
Spreadsheet + email threads + Word memo,"Invest in permissions, logging, and governance controls"
Spreadsheet + email threads + Word memo,"Improve export fidelity for client, compliance, and leadership audiences"
Spreadsheet + email threads + Word memo,Prioritize fast-path intake and answer-screen workflow
Spreadsheet + email threads + Word memo,"Strengthen versioning, assumptions tracking, and appendix logic"
Spreadsheet + email threads + Word memo,"Invest in permissions, logging, and governance controls"
Spreadsheet + email threads + Word memo,"Treat Section 87 as a first-class workflow, not an exception path"
Spreadsheet + email threads + Word memo,"Improve export fidelity for client, compliance, and leadership audiences"
Intake package + spreadsheets + narrative memo,"Strengthen versioning, assumptions tracking, and appendix logic"
Intake package + spreadsheets + narrative memo,"Invest in permissions, logging, and governance controls"
Intake package + spreadsheets + narrative memo,"Improve export fidelity for client, compliance, and leadership audiences"
Intake package + spreadsheets + narrative memo,Prioritize fast-path intake and answer-screen workflow
Intake package + spreadsheets + narrative memo,"Strengthen versioning, assumptions tracking, and appendix logic"
Intake package + spreadsheets + narrative memo,"Improve export fidelity for client, compliance, and leadership audiences"
Spreadsheet + email threads + Word memo,Prioritize fast-path intake and answer-screen workflow
Spreadsheet + email threads + Word memo,"Strengthen versioning, assumptions tracking, and appendix logic"
Spreadsheet + email threads + Word memo,"Improve export fidelity for client, compliance, and leadership audiences"
Spreadsheet + email threads + Word memo,Prioritize fast-path intake and answer-screen workflow
Spreadsheet + email threads + Word memo,"Strengthen versioning, assumptions tracking, and appendix logic"
Spreadsheet + email threads + Word memo,"Improve export fidelity for client, compliance, and leadership audiences"
Spreadsheet + email threads + Word memo,Prioritize fast-path intake and answer-screen workflow
Spreadsheet + email threads + Word memo,"Strengthen versioning, assumptions tracking, and appendix logic"
Spreadsheet + email threads + Word memo,"Improve export fidelity for client, compliance, and leadership audiences"
Intake package + spreadsheets + narrative memo,"Strengthen versioning, assumptions tracking, and appendix logic"
Intake package + spreadsheets + narrative memo,"Improve export fidelity for client, compliance, and leadership audiences"
Spreadsheet + email threads + Word memo,
Intake package + spreadsheets + narrative memo,"Strengthen versioning, assumptions tracking, and appendix logic"
Intake package + spreadsheets + narrative memo,"Improve export fidelity for client, compliance, and leadership audiences"
Intake package + spreadsheets + narrative memo,Prioritize fast-path intake and answer-screen workflow
Intake package + spreadsheets + narrative memo,"Strengthen versioning, assumptions tracking, and appendix logic"
Intake package + spreadsheets + narrative memo,"Invest in permissions, logging, and governance controls"
Intake package + spreadsheets + narrative memo,"Improve export fidelity for client, compliance, and leadership audiences"
Intake package + spreadsheets + narrative memo,"Strengthen versioning, assumptions tracking, and appendix logic"
Intake package + spreadsheets + narrative memo,"Improve export fidelity for client, compliance, and leadership audiences"
Intake package + spreadsheets + narrative memo,Prioritize fast-path intake and answer-screen workflow
Intake package + spreadsheets + narrative memo,"Improve export fidelity for client, compliance, and leadership audiences"
Intake package + spreadsheets + narrative memo,Prioritize fast-path intake and answer-screen workflow
Intake package + spreadsheets + narrative memo,"Strengthen versioning, assumptions tracking, and appendix logic"
Intake package + spreadsheets + narrative memo,"Improve export fidelity for client, compliance, and leadership audiences"
Spreadsheet + email threads + Word memo,"Strengthen versioning, assumptions tracking, and appendix logic"
Spreadsheet + email threads + Word memo,"Invest in permissions, logging, and governance controls"
Spreadsheet + email threads + Word memo,"Improve export fidelity for client, compliance, and leadership audiences"
Spreadsheet + email threads + Word memo,Prioritize fast-path intake and answer-screen workflow
Spreadsheet + email threads + Word memo,"Strengthen versioning, assumptions tracking, and appendix logic"
Spreadsheet + email threads + Word memo,"Invest in permissions, logging, and governance controls"
Spreadsheet + email threads + Word memo,"Improve export fidelity for client, compliance, and leadership audiences"
Spreadsheet + email threads + Word memo,Prioritize fast-path intake and answer-screen workflow
Spreadsheet + email threads + Word memo,"Strengthen versioning, assumptions tracking, and appendix logic"
Spreadsheet + email threads + Word memo,"Invest in permissions, logging, and governance controls"
Spreadsheet + email threads + Word memo,"Improve export fidelity for client, compliance, and leadership audiences"
Intake package + spreadsheets + narrative memo,Prioritize fast-path intake and answer-screen workflow
Manual estate flow map rebuilt for each case,"Strengthen versioning, assumptions tracking, and appendix logic"
Manual estate flow map rebuilt for each case,"Improve export fidelity for client, compliance, and leadership audiences"
Spreadsheet + email threads + Word memo,"Strengthen versioning, assumptions tracking, and appendix logic"
Spreadsheet + email threads + Word memo,"Invest in permissions, logging, and governance controls"
Spreadsheet + email threads + Word memo,"Improve export fidelity for client, compliance, and leadership audiences"
Intake package + spreadsheets + narrative memo,Prioritize fast-path intake and answer-screen workflow
Intake package + spreadsheets + narrative memo,"Improve export fidelity for client, compliance, and leadership audiences"
Manual estate flow map rebuilt for each case,Prioritize fast-path intake and answer-screen workflow
Manual estate flow map rebuilt for each case,"Invest in permissions, logging, and governance controls"
Manual estate flow map rebuilt for each case,"Improve export fidelity for client, compliance, and leadership audiences"
Spreadsheet + email threads + Word memo,Prioritize fast-path intake and answer-screen workflow
Spreadsheet + email threads + Word memo,"Strengthen versioning, assumptions tracking, and appendix logic"
Spreadsheet + email threads + Word memo,"Improve export fidelity for client, compliance, and leadership audiences"
Spreadsheet + email threads + Word memo,Prioritize fast-path intake and answer-screen workflow
Spreadsheet + email threads + Word memo,"Improve export fidelity for client, compliance, and leadership audiences"
Intake package + spreadsheets + narrative memo,
Intake package + spreadsheets + narrative memo,"Treat Section 87 as a first-class workflow, not an exception path"
Intake package + spreadsheets + narrative memo,"Improve export fidelity for client, compliance, and leadership audiences"
Intake package + spreadsheets + narrative memo,Prioritize fast-path intake and answer-screen workflow
Intake package + spreadsheets + narrative memo,"Strengthen versioning, assumptions tracking, and appendix logic"
Intake package + spreadsheets + narrative memo,"Invest in permissions, logging, and governance controls"
Intake package + spreadsheets + narrative memo,"Improve export fidelity for client, compliance, and leadership audiences"
Intake package + spreadsheets + narrative memo,Prioritize fast-path intake and answer-screen workflow
Intake package + spreadsheets + narrative memo,"Strengthen versioning, assumptions tracking, and appendix logic"
Intake package + spreadsheets + narrative memo,"Invest in permissions, logging, and governance controls"
Intake package + spreadsheets + narrative memo,"Improve export fidelity for client, compliance, and leadership audiences"
Intake package + spreadsheets + narrative memo,Prioritize fast-path intake and answer-screen workflow
Intake package + spreadsheets + narrative memo,"Strengthen versioning, assumptions tracking, and appendix logic"
Intake package + spreadsheets + narrative memo,"Invest in permissions, logging, and governance controls"
Intake package + spreadsheets + narrative memo,"Improve export fidelity for client, compliance, and leadership audiences"
Intake package + spreadsheets + narrative memo,
Spreadsheet + email threads + Word memo,Prioritize fast-path intake and answer-screen workflow
Spreadsheet + email threads + Word memo,"Strengthen versioning, assumptions tracking, and appendix logic"
Spreadsheet + email threads + Word memo,"Improve export fidelity for client, compliance, and leadership audiences"
Spreadsheet + email threads + Word memo,Prioritize fast-path intake and answer-screen workflow
Spreadsheet + email threads + Word memo,"Strengthen versioning, assumptions tracking, and appendix logic"
Spreadsheet + email threads + Word memo,"Invest in permissions, logging, and governance controls"
Spreadsheet + email threads + Word memo,"Improve export fidelity for client, compliance, and leadership audiences"
Intake package + spreadsheets + narrative memo,"Strengthen versioning, assumptions tracking, and appendix logic"
Intake package + spreadsheets + narrative memo,"Invest in permissions, logging, and governance controls"
Intake package + spreadsheets + narrative memo,"Improve export fidelity for client, compliance, and leadership audiences"
Spreadsheet + email threads + Word memo,"Improve export fidelity for client, compliance, and leadership audiences"
Intake package + spreadsheets + narrative memo,Prioritize fast-path intake and answer-screen workflow
Intake package + spreadsheets + narrative memo,"Strengthen versioning, assumptions tracking, and appendix logic"
Intake package + spreadsheets + narrative memo,"Improve export fidelity for client, compliance, and leadership audiences"
Spreadsheet + email threads + Word memo,"Invest in permissions, logging, and governance controls"
Spreadsheet + email threads + Word memo,"Improve export fidelity for client, compliance, and leadership audiences"
Spreadsheet + email threads + Word memo,Prioritize fast-path intake and answer-screen workflow
Spreadsheet + email threads + Word memo,"Strengthen versioning, assumptions tracking, and appendix logic"
Spreadsheet + email threads + Word memo,"Improve export fidelity for client, compliance, and leadership audiences"
Manual estate flow map rebuilt for each case,"Strengthen versioning, assumptions tracking, and appendix logic"
Manual estate flow map rebuilt for each case,"Invest in permissions, logging, and governance controls"
Manual estate flow map rebuilt for each case,"Improve export fidelity for client, compliance, and leadership audiences"
Intake package + spreadsheets + narrative memo,"Strengthen versioning, assumptions tracking, and appendix logic"
Intake package + spreadsheets + narrative memo,"Improve export fidelity for client, compliance, and leadership audiences"
Intake package + spreadsheets + narrative memo,"Strengthen versioning, assumptions tracking, and appendix logic"
Intake package + spreadsheets + narrative memo,"Invest in permissions, logging, and governance controls"
Intake package + spreadsheets + narrative memo,"Improve export fidelity for client, compliance, and leadership audiences"
Spreadsheet + email threads + Word memo,Prioritize fast-path intake and answer-screen workflow
Spreadsheet + email threads + Word memo,"Invest in permissions, logging, and governance controls"
Spreadsheet + email threads + Word memo,"Improve export fidelity for client, compliance, and leadership audiences"
Spreadsheet + email threads + Word memo,"Strengthen versioning, assumptions tracking, and appendix logic"
Spreadsheet + email threads + Word memo,"Improve export fidelity for client, compliance, and leadership audiences"
Intake package + spreadsheets + narrative memo,Prioritize fast-path intake and answer-screen workflow
Intake package + spreadsheets + narrative memo,"Strengthen versioning, assumptions tracking, and appendix logic"
Intake package + spreadsheets + narrative memo,"Treat Section 87 as a first-class workflow, not an exception path"
Intake package + spreadsheets + narrative memo,"Improve export fidelity for client, compliance, and leadership audiences"
Spreadsheet + email threads + Word memo,"Strengthen versioning, assumptions tracking, and appendix logic"
Spreadsheet + email threads + Word memo,"Improve export fidelity for client, compliance, and leadership audiences"
Spreadsheet + email threads + Word memo,Prioritize fast-path intake and answer-screen workflow
Spreadsheet + email threads + Word memo,"Strengthen versioning, assumptions tracking, and appendix logic"
Spreadsheet + email threads + Word memo,"Invest in permissions, logging, and governance controls"
Intake package + spreadsheets + narrative memo,"Strengthen versioning, assumptions tracking, and appendix logic"
Intake package + spreadsheets + narrative memo,"Improve export fidelity for client, compliance, and leadership audiences"
Intake package + spreadsheets + narrative memo,Prioritize fast-path intake and answer-screen workflow
Intake package + spreadsheets + narrative memo,"Strengthen versioning, assumptions tracking, and appendix logic"
Intake package + spreadsheets + narrative memo,"Invest in permissions, logging, and governance controls"
Intake package + spreadsheets + narrative memo,"Treat Section 87 as a first-class workflow, not an exception path"
Intake package + spreadsheets + narrative memo,"Improve export fidelity for client, compliance, and leadership audiences"
Manual estate flow map rebuilt for each case,Prioritize fast-path intake and answer-screen workflow
Manual estate flow map rebuilt for each case,"Strengthen versioning, assumptions tracking, and appendix logic"
Manual estate flow map rebuilt for each case,"Improve export fidelity for client, compliance, and leadership audiences"
Intake package + spreadsheets + narrative memo,"Strengthen versioning, assumptions tracking, and appendix logic"
Spreadsheet + email threads + Word memo,Prioritize fast-path intake and answer-screen workflow
Spreadsheet + email threads + Word memo,"Strengthen versioning, assumptions tracking, and appendix logic"
Spreadsheet + email threads + Word memo,"Invest in permissions, logging, and governance controls"
Intake package + spreadsheets + narrative memo,Prioritize fast-path intake and answer-screen workflow
Intake package + spreadsheets + narrative memo,"Strengthen versioning, assumptions tracking, and appendix logic"
Intake package + spreadsheets + narrative memo,"Improve export fidelity for client, compliance, and leadership audiences"
Spreadsheet + email threads + Word memo,"Improve export fidelity for client, compliance, and leadership audiences"
Intake package + spreadsheets + narrative memo,"Strengthen versioning, assumptions tracking, and appendix logic"
Intake package + spreadsheets + narrative memo,"Improve export fidelity for client, compliance, and leadership audiences"
Intake package + spreadsheets + narrative memo,Prioritize fast-path intake and answer-screen workflow
Intake package + spreadsheets + narrative memo,"Strengthen versioning, assumptions tracking, and appendix logic"
Intake package + spreadsheets + narrative memo,"Improve export fidelity for client, compliance, and leadership audiences"
Intake package + spreadsheets + narrative memo,"Strengthen versioning, assumptions tracking, and appendix logic"
Intake package + spreadsheets + narrative memo,"Improve export fidelity for client, compliance, and leadership audiences"
Spreadsheet + email threads + Word memo,"Strengthen versioning, assumptions tracking, and appendix logic"
Spreadsheet + email threads + Word memo,"Invest in permissions, logging, and governance controls"
Spreadsheet + email threads + Word memo,"Improve export fidelity for client, compliance, and leadership audiences"
Intake package + spreadsheets + narrative memo,Prioritize fast-path intake and answer-screen workflow
Intake package + spreadsheets + narrative memo,"Improve export fidelity for client, compliance, and leadership audiences"
Intake package + spreadsheets + narrative memo,Prioritize fast-path intake and answer-screen workflow
Intake package + spreadsheets + narrative memo,"Strengthen versioning, assumptions tracking, and appendix logic"
Intake package + spreadsheets + narrative memo,"Invest in permissions, logging, and governance controls"
Intake package + spreadsheets + narrative memo,"Improve export fidelity for client, compliance, and leadership audiences"
Manual estate flow map rebuilt for each case,"Strengthen versioning, assumptions tracking, and appendix logic"
Manual estate flow map rebuilt for each case,"Improve export fidelity for client, compliance, and leadership audiences"
Intake package + spreadsheets + narrative memo,"Strengthen versioning, assumptions tracking, and appendix logic"
Intake package + spreadsheets + narrative memo,"Invest in permissions, logging, and governance controls"
Intake package + spreadsheets + narrative memo,"Improve export fidelity for client, compliance, and leadership audiences"
Intake package + spreadsheets + narrative memo,"Strengthen versioning, assumptions tracking, and appendix logic"
Intake package + spreadsheets + narrative memo,"Improve export fidelity for client, compliance, and leadership audiences"
Intake package + spreadsheets + narrative memo,Prioritize fast-path intake and answer-screen workflow
Intake package + spreadsheets + narrative memo,"Strengthen versioning, assumptions tracking, and appendix logic"
Intake package + spreadsheets + narrative memo,"Invest in permissions, logging, and governance controls"
Intake package + spreadsheets + narrative memo,"Improve export fidelity for client, compliance, and leadership audiences"
Spreadsheet + email threads + Word memo,"Improve export fidelity for client, compliance, and leadership audiences"
Intake package + spreadsheets + narrative memo,Prioritize fast-path intake and answer-screen workflow
Intake package + spreadsheets + narrative memo,"Strengthen versioning, assumptions tracking, and appendix logic"
Intake package + spreadsheets + narrative memo,"Improve export fidelity for client, compliance, and leadership audiences"
Intake package + spreadsheets + narrative memo,"Strengthen versioning, assumptions tracking, and appendix logic"
Intake package + spreadsheets + narrative memo,"Improve export fidelity for client, compliance, and leadership audiences"
Intake package + spreadsheets + narrative memo,"Strengthen versioning, assumptions tracking, and appendix logic"
Intake package + spreadsheets + narrative memo,"Improve export fidelity for client, compliance, and leadership audiences"
Intake package + spreadsheets + narrative memo,Prioritize fast-path intake and answer-screen workflow
Intake package + spreadsheets + narrative memo,"Improve export fidelity for client, compliance, and leadership audiences"
Intake package + spreadsheets + narrative memo,"Strengthen versioning, assumptions tracking, and appendix logic"
Intake package + spreadsheets + narrative memo,"Invest in permissions, logging, and governance controls"
Intake package + spreadsheets + narrative memo,"Improve export fidelity for client, compliance, and leadership audiences"
Intake package + spreadsheets + narrative memo,Prioritize fast-path intake and answer-screen workflow
Intake package + spreadsheets + narrative memo,"Improve export fidelity for client, compliance, and leadership audiences"
Manual estate flow map rebuilt for each case,Prioritize fast-path intake and answer-screen workflow
Manual estate flow map rebuilt for each case,"Strengthen versioning, assumptions tracking, and appendix logic"
Manual estate flow map rebuilt for each case,"Improve export fidelity for client, compliance, and leadership audiences"
Spreadsheet + email threads + Word memo,Prioritize fast-path intake and answer-screen workflow
Spreadsheet + email threads + Word memo,"Improve export fidelity for client, compliance, and leadership audiences"
Manual estate flow map rebuilt for each case,Prioritize fast-path intake and answer-screen workflow
Manual estate flow map rebuilt for each case,"Strengthen versioning, assumptions tracking, and appendix logic"
Manual estate flow map rebuilt for each case,"Improve export fidelity for client, compliance, and leadership audiences"
Manual estate flow map rebuilt for each case,Prioritize fast-path intake and answer-screen workflow
Manual estate flow map rebuilt for each case,"Strengthen versioning, assumptions tracking, and appendix logic"
Manual estate flow map rebuilt for each case,"Improve export fidelity for client, compliance, and leadership audiences"
Manual estate flow map rebuilt for each case,"Strengthen versioning, assumptions tracking, and appendix logic"
Manual estate flow map rebuilt for each case,"Improve export fidelity for client, compliance, and leadership audiences"
Intake package + spreadsheets + narrative memo,
Intake package + spreadsheets + narrative memo,"Strengthen versioning, assumptions tracking, and appendix logic"
Intake package + spreadsheets + narrative memo,"Improve export fidelity for client, compliance, and leadership audiences"
Manual estate flow map rebuilt for each case,"Invest in permissions, logging, and governance controls"
Manual estate flow map rebuilt for each case,"Improve export fidelity for client, compliance, and leadership audiences"
Intake package + spreadsheets + narrative memo,Prioritize fast-path intake and answer-screen workflow
Intake package + spreadsheets + narrative memo,"Strengthen versioning, assumptions tracking, and appendix logic"
Intake package + spreadsheets + narrative memo,"Improve export fidelity for client, compliance, and leadership audiences"
Intake package + spreadsheets + narrative memo,"Improve export fidelity for client, compliance, and leadership audiences"
Intake package + spreadsheets + narrative memo,"Strengthen versioning, assumptions tracking, and appendix logic"
Intake package + spreadsheets + narrative memo,"Improve export fidelity for client, compliance, and leadership audiences"
Spreadsheet + email threads + Word memo,Prioritize fast-path intake and answer-screen workflow
Spreadsheet + email threads + Word memo,"Strengthen versioning, assumptions tracking, and appendix logic"
Spreadsheet + email threads + Word memo,"Improve export fidelity for client, compliance, and leadership audiences"
Spreadsheet + email threads + Word memo,Prioritize fast-path intake and answer-screen workflow
Spreadsheet + email threads + Word memo,"Strengthen versioning, assumptions tracking, and appendix logic"
Spreadsheet + email threads + Word memo,"Improve export fidelity for client, compliance, and leadership audiences"
Intake package + spreadsheets + narrative memo,Prioritize fast-path intake and answer-screen workflow
Intake package + spreadsheets + narrative memo,"Strengthen versioning, assumptions tracking, and appendix logic"
Intake package + spreadsheets + narrative memo,"Improve export fidelity for client, compliance, and leadership audiences"
Spreadsheet + email threads + Word memo,"Strengthen versioning, assumptions tracking, and appendix logic"
Spreadsheet + email threads + Word memo,"Improve export fidelity for client, compliance, and leadership audiences"
Intake package + spreadsheets + narrative memo,Prioritize fast-path intake and answer-screen workflow
Intake package + spreadsheets + narrative memo,"Strengthen versioning, assumptions tracking, and appendix logic"
Intake package + spreadsheets + narrative memo,"Improve export fidelity for client, compliance, and leadership audiences"
Intake package + spreadsheets + narrative memo,"Strengthen versioning, assumptions tracking, and appendix logic"
Intake package + spreadsheets + narrative memo,"Improve export fidelity for client, compliance, and leadership audiences"
Intake package + spreadsheets + narrative memo,"Strengthen versioning, assumptions tracking, and appendix logic"
Intake package + spreadsheets + narrative memo,"Treat Section 87 as a first-class workflow, not an exception path"
Intake package + spreadsheets + narrative memo,"Improve export fidelity for client, compliance, and leadership audiences"
Spreadsheet + email threads + Word memo,Prioritize fast-path intake and answer-screen workflow
Spreadsheet + email threads + Word memo,"Strengthen versioning, assumptions tracking, and appendix logic"
Spreadsheet + email threads + Word memo,"Improve export fidelity for client, compliance, and leadership audiences"
Manual estate flow map rebuilt for each case,"Strengthen versioning, assumptions tracking, and appendix logic"
Manual estate flow map rebuilt for each case,"Improve export fidelity for client, compliance, and leadership audiences"
Spreadsheet + email threads + Word memo,"Strengthen versioning, assumptions tracking, and appendix logic"
Spreadsheet + email threads + Word memo,"Treat Section 87 as a first-class workflow, not an exception path"
Spreadsheet + email threads + Word memo,"Improve export fidelity for client, compliance, and leadership audiences"
Spreadsheet + email threads + Word memo,Prioritize fast-path intake and answer-screen workflow
Spreadsheet + email threads + Word memo,"Strengthen versioning, assumptions tracking, and appendix logic"
Intake package + spreadsheets + narrative memo,"Improve export fidelity for client, compliance, and leadership audiences"
Intake package + spreadsheets + narrative memo,"Improve export fidelity for client, compliance, and leadership audiences"
Manual estate flow map rebuilt for each case,Prioritize fast-path intake and answer-screen workflow
Manual estate flow map rebuilt for each case,"Strengthen versioning, assumptions tracking, and appendix logic"
Manual estate flow map rebuilt for each case,"Improve export fidelity for client, compliance, and leadership audiences"
Intake package + spreadsheets + narrative memo,Prioritize fast-path intake and answer-screen workflow
Intake package + spreadsheets + narrative memo,"Invest in permissions, logging, and governance controls"
Intake package + spreadsheets + narrative memo,"Treat Section 87 as a first-class workflow, not an exception path"
Intake package + spreadsheets + narrative memo,"Improve export fidelity for client, compliance, and leadership audiences"
Intake package + spreadsheets + narrative memo,Prioritize fast-path intake and answer-screen workflow
Intake package + spreadsheets + narrative memo,"Improve export fidelity for client, compliance, and leadership audiences"
Spreadsheet + email threads + Word memo,"Strengthen versioning, assumptions tracking, and appendix logic"
Spreadsheet + email threads + Word memo,"Improve export fidelity for client, compliance, and leadership audiences"
Intake package + spreadsheets + narrative memo,"Strengthen versioning, assumptions tracking, and appendix logic"
Intake package + spreadsheets + narrative memo,"Improve export fidelity for client, compliance, and leadership audiences"
Intake package + spreadsheets + narrative memo,"Strengthen versioning, assumptions tracking, and appendix logic"
Intake package + spreadsheets + narrative memo,"Invest in permissions, logging, and governance controls"
Intake package + spreadsheets + narrative memo,"Treat Section 87 as a first-class workflow, not an exception path"
Intake package + spreadsheets + narrative memo,Prioritize fast-path intake and answer-screen workflow
Spreadsheet + email threads + Word memo,"Strengthen versioning, assumptions tracking, and appendix logic"
Spreadsheet + email threads + Word memo,"Treat Section 87 as a first-class workflow, not an exception path"
Manual estate flow map rebuilt for each case,Prioritize fast-path intake and answer-screen workflow
Manual estate flow map rebuilt for each case,"Strengthen versioning, assumptions tracking, and appendix logic"
Manual estate flow map rebuilt for each case,"Improve export fidelity for client, compliance, and leadership audiences"
Manual estate flow map rebuilt for each case,"Strengthen versioning, assumptions tracking, and appendix logic"
Manual estate flow map rebuilt for each case,"Improve export fidelity for client, compliance, and leadership audiences"
Intake package + spreadsheets + narrative memo,"Strengthen versioning, assumptions tracking, and appendix logic"
Intake package + spreadsheets + narrative memo,"Improve export fidelity for client, compliance, and leadership audiences"
Intake package + spreadsheets + narrative memo,Prioritize fast-path intake and answer-screen workflow
Intake package + spreadsheets + narrative memo,"Invest in permissions, logging, and governance controls"
Intake package + spreadsheets + narrative memo,"Treat Section 87 as a first-class workflow, not an exception path"
Intake package + spreadsheets + narrative memo,"Improve export fidelity for client, compliance, and leadership audiences"
Intake package + spreadsheets + narrative memo,"Strengthen versioning, assumptions tracking, and appendix logic"
Intake package + spreadsheets + narrative memo,"Improve export fidelity for client, compliance, and leadership audiences"
Manual estate flow map rebuilt for each case,Prioritize fast-path intake and answer-screen workflow
Manual estate flow map rebuilt for each case,"Strengthen versioning, assumptions tracking, and appendix logic"
Intake package + spreadsheets + narrative memo,"Strengthen versioning, assumptions tracking, and appendix logic"
Intake package + spreadsheets + narrative memo,"Invest in permissions, logging, and governance controls"
Intake package + spreadsheets + narrative memo,"Improve export fidelity for client, compliance, and leadership audiences"
Spreadsheet + email threads + Word memo,"Strengthen versioning, assumptions tracking, and appendix logic"
Spreadsheet + email threads + Word memo,"Improve export fidelity for client, compliance, and leadership audiences"
Spreadsheet + email threads + Word memo,"Strengthen versioning, assumptions tracking, and appendix logic"
Spreadsheet + email threads + Word memo,"Improve export fidelity for client, compliance, and leadership audiences"
Spreadsheet + email threads + Word memo,"Strengthen versioning, assumptions tracking, and appendix logic"
Spreadsheet + email threads + Word memo,Prioritize fast-path intake and answer-screen workflow
Spreadsheet + email threads + Word memo,"Strengthen versioning, assumptions tracking, and appendix logic"
Spreadsheet + email threads + Word memo,"Improve export fidelity for client, compliance, and leadership audiences"
Intake package + spreadsheets + narrative memo,"Invest in permissions, logging, and governance controls"
Intake package + spreadsheets + narrative memo,"Improve export fidelity for client, compliance, and leadership audiences"
Intake package + spreadsheets + narrative memo,"Strengthen versioning, assumptions tracking, and appendix logic"
Intake package + spreadsheets + narrative memo,"Treat Section 87 as a first-class workflow, not an exception path"
Intake package + spreadsheets + narrative memo,"Improve export fidelity for client, compliance, and leadership audiences"
Intake package + spreadsheets + narrative memo,"Strengthen versioning, assumptions tracking, and appendix logic"
Intake package + spreadsheets + narrative memo,"Improve export fidelity for client, compliance, and leadership audiences"
Intake package + spreadsheets + narrative memo,Prioritize fast-path intake and answer-screen workflow
Intake package + spreadsheets + narrative memo,"Strengthen versioning, assumptions tracking, and appendix logic"
Intake package + spreadsheets + narrative memo,"Invest in permissions, logging, and governance controls"
Intake package + spreadsheets + narrative memo,"Improve export fidelity for client, compliance, and leadership audiences"
Intake package + spreadsheets + narrative memo,"Invest in permissions, logging, and governance controls"
Intake package + spreadsheets + narrative memo,"Improve export fidelity for client, compliance, and leadership audiences"
Spreadsheet + email threads + Word memo,Prioritize fast-path intake and answer-screen workflow
Spreadsheet + email threads + Word memo,"Strengthen versioning, assumptions tracking, and appendix logic"
Spreadsheet + email threads + Word memo,"Invest in permissions, logging, and governance controls"
Spreadsheet + email threads + Word memo,"Improve export fidelity for client, compliance, and leadership audiences"
Intake package + spreadsheets + narrative memo,"Strengthen versioning, assumptions tracking, and appendix logic"
Intake package + spreadsheets + narrative memo,"Improve export fidelity for client, compliance, and leadership audiences"
Intake package + spreadsheets + narrative memo,
Spreadsheet + email threads + Word memo,Prioritize fast-path intake and answer-screen workflow
Spreadsheet + email threads + Word memo,"Strengthen versioning, assumptions tracking, and appendix logic"
Spreadsheet + email threads + Word memo,"Treat Section 87 as a first-class workflow, not an exception path"
Spreadsheet + email threads + Word memo,"Improve export fidelity for client, compliance, and leadership audiences"
Intake package + spreadsheets + narrative memo,"Strengthen versioning, assumptions tracking, and appendix logic"
Intake package + spreadsheets + narrative memo,"Improve export fidelity for client, compliance, and leadership audiences"
Intake package + spreadsheets + narrative memo,"Strengthen versioning, assumptions tracking, and appendix logic"
Intake package + spreadsheets + narrative memo,"Invest in permissions, logging, and governance controls"
Intake package + spreadsheets + narrative memo,"Improve export fidelity for client, compliance, and leadership audiences"
Intake package + spreadsheets + narrative memo,Prioritize fast-path intake and answer-screen workflow
Manual estate flow map rebuilt for each case,Prioritize fast-path intake and answer-screen workflow
Manual estate flow map rebuilt for each case,"Strengthen versioning, assumptions tracking, and appendix logic"
Manual estate flow map rebuilt for each case,"Invest in permissions, logging, and governance controls"
Manual estate flow map rebuilt for each case,"Improve export fidelity for client, compliance, and leadership audiences"
Spreadsheet + email threads + Word memo,Prioritize fast-path intake and answer-screen workflow
Spreadsheet + email threads + Word memo,"Improve export fidelity for client, compliance, and leadership audiences"
Spreadsheet + email threads + Word memo,"Strengthen versioning, assumptions tracking, and appendix logic"
Spreadsheet + email threads + Word memo,"Strengthen versioning, assumptions tracking, and appendix logic"
Spreadsheet + email threads + Word memo,"Improve export fidelity for client, compliance, and leadership audiences"
Intake package + spreadsheets + narrative memo,"Invest in permissions, logging, and governance controls"
Intake package + spreadsheets + narrative memo,"Improve export fidelity for client, compliance, and leadership audiences"
Spreadsheet + email threads + Word memo,"Strengthen versioning, assumptions tracking, and appendix logic"
Spreadsheet + email threads + Word memo,"Invest in permissions, logging, and governance controls"
Spreadsheet + email threads + Word memo,"Improve export fidelity for client, compliance, and leadership audiences"
Intake package + spreadsheets + narrative memo,Prioritize fast-path intake and answer-screen workflow
Intake package + spreadsheets + narrative memo,"Strengthen versioning, assumptions tracking, and appendix logic"
Intake package + spreadsheets + narrative memo,"Improve export fidelity for client, compliance, and leadership audiences"
Intake package + spreadsheets + narrative memo,"Invest in permissions, logging, and governance controls"
Intake package + spreadsheets + narrative memo,"Strengthen versioning, assumptions tracking, and appendix logic"
Intake package + spreadsheets + narrative memo,"Improve export fidelity for client, compliance, and leadership audiences"
Intake package + spreadsheets + narrative memo,Prioritize fast-path intake and answer-screen workflow
Intake package + spreadsheets + narrative memo,"Improve export fidelity for client, compliance, and leadership audiences"
Intake package + spreadsheets + narrative memo,"Strengthen versioning, assumptions tracking, and appendix logic"
Intake package + spreadsheets + narrative memo,"Improve export fidelity for client, compliance, and leadership audiences"
Intake package + spreadsheets + narrative memo,"Strengthen versioning, assumptions tracking, and appendix logic"
Intake package + spreadsheets + narrative memo,"Invest in permissions, logging, and governance controls"
Intake package + spreadsheets + narrative memo,"Treat Section 87 as a first-class workflow, not an exception path"
Intake package + spreadsheets + narrative memo,"Improve export fidelity for client, compliance, and leadership audiences"
Manual estate flow map rebuilt for each case,Prioritize fast-path intake and answer-screen workflow
Manual estate flow map rebuilt for each case,"Strengthen versioning, assumptions tracking, and appendix logic"
Manual estate flow map rebuilt for each case,"Invest in permissions, logging, and governance controls"
Manual estate flow map rebuilt for each case,"Improve export fidelity for client, compliance, and leadership audiences"
Intake package + spreadsheets + narrative memo,Prioritize fast-path intake and answer-screen workflow
Intake package + spreadsheets + narrative memo,"Strengthen versioning, assumptions tracking, and appendix logic"
Intake package + spreadsheets + narrative memo,"Improve export fidelity for client, compliance, and leadership audiences"
Manual estate flow map rebuilt for each case,Prioritize fast-path intake and answer-screen workflow
Manual estate flow map rebuilt for each case,"Strengthen versioning, assumptions tracking, and appendix logic"
Manual estate flow map rebuilt for each case,"Invest in permissions, logging, and governance controls"
Manual estate flow map rebuilt for each case,"Improve export fidelity for client, compliance, and leadership audiences"
Manual estate flow map rebuilt for each case,Prioritize fast-path intake and answer-screen workflow
Manual estate flow map rebuilt for each case,"Strengthen versioning, assumptions tracking, and appendix logic"
Manual estate flow map rebuilt for each case,"Improve export fidelity for client, compliance, and leadership audiences"
Spreadsheet + email threads + Word memo,Prioritize fast-path intake and answer-screen workflow
Spreadsheet + email threads + Word memo,"Strengthen versioning, assumptions tracking, and appendix logic"
Spreadsheet + email threads + Word memo,"Improve export fidelity for client, compliance, and leadership audiences"
Spreadsheet + email threads + Word memo,"Strengthen versioning, assumptions tracking, and appendix logic"
Spreadsheet + email threads + Word memo,"Improve export fidelity for client, compliance, and leadership audiences"
Manual estate flow map rebuilt for each case,Prioritize fast-path intake and answer-screen workflow
Manual estate flow map rebuilt for each case,"Strengthen versioning, assumptions tracking, and appendix logic"
Manual estate flow map rebuilt for each case,"Improve export fidelity for client, compliance, and leadership audiences"
Spreadsheet + email threads + Word memo,Prioritize fast-path intake and answer-screen workflow
Spreadsheet + email threads + Word memo,"Improve export fidelity for client, compliance, and leadership audiences"
Intake package + spreadsheets + narrative memo,Prioritize fast-path intake and answer-screen workflow
Intake package + spreadsheets + narrative memo,"Strengthen versioning, assumptions tracking, and appendix logic"
Intake package + spreadsheets + narrative memo,"Improve export fidelity for client, compliance, and leadership audiences"
Manual estate flow map rebuilt for each case,Prioritize fast-path intake and answer-screen workflow
Manual estate flow map rebuilt for each case,"Strengthen versioning, assumptions tracking, and appendix logic"
Manual estate flow map rebuilt for each case,"Treat Section 87 as a first-class workflow, not an exception path"
Manual estate flow map rebuilt for each case,"Improve export fidelity for client, compliance, and leadership audiences"
Spreadsheet + email threads + Word memo,Prioritize fast-path intake and answer-screen workflow
Spreadsheet + email threads + Word memo,"Strengthen versioning, assumptions tracking, and appendix logic"
Spreadsheet + email threads + Word memo,"Invest in permissions, logging, and governance controls"
Spreadsheet + email threads + Word memo,"Improve export fidelity for client, compliance, and leadership audiences"
Intake package + spreadsheets + narrative memo,"Strengthen versioning, assumptions tracking, and appendix logic"
Intake package + spreadsheets + narrative memo,"Improve export fidelity for client, compliance, and leadership audiences"
Intake package + spreadsheets + narrative memo,"Strengthen versioning, assumptions tracking, and appendix logic"
Intake package + spreadsheets + narrative memo,"Improve export fidelity for client, compliance, and leadership audiences"
Spreadsheet + email threads + Word memo,Prioritize fast-path intake and answer-screen workflow
Spreadsheet + email threads + Word memo,"Improve export fidelity for client, compliance, and leadership audiences"
Intake package + spreadsheets + narrative memo,"Strengthen versioning, assumptions tracking, and appendix logic"
Intake package + spreadsheets + narrative memo,"Invest in permissions, logging, and governance controls"
Intake package + spreadsheets + narrative memo,"Improve export fidelity for client, compliance, and leadership audiences"
Intake package + spreadsheets + narrative memo,"Invest in permissions, logging, and governance controls"
Intake package + spreadsheets + narrative memo,"Improve export fidelity for client, compliance, and leadership audiences"
Manual estate flow map rebuilt for each case,"Strengthen versioning, assumptions tracking, and appendix logic"
Manual estate flow map rebuilt for each case,"Improve export fidelity for client, compliance, and leadership audiences"
Intake package + spreadsheets + narrative memo,"Strengthen versioning, assumptions tracking, and appendix logic"
Intake package + spreadsheets + narrative memo,"Improve export fidelity for client, compliance, and leadership audiences"
Manual estate flow map rebuilt for each case,Prioritize fast-path intake and answer-screen workflow
Manual estate flow map rebuilt for each case,"Strengthen versioning, assumptions tracking, and appendix logic"
Manual estate flow map rebuilt for each case,"Invest in permissions, logging, and governance controls"
Manual estate flow map rebuilt for each case,"Treat Section 87 as a first-class workflow, not an exception path"
Manual estate flow map rebuilt for each case,"Improve export fidelity for client, compliance, and leadership audiences"
Intake package + spreadsheets + narrative memo,Prioritize fast-path intake and answer-screen workflow
Intake package + spreadsheets + narrative memo,"Invest in permissions, logging, and governance controls"
Intake package + spreadsheets + narrative memo,"Improve export fidelity for client, compliance, and leadership audiences"
Intake package + spreadsheets + narrative memo,Prioritize fast-path intake and answer-screen workflow
Intake package + spreadsheets + narrative memo,"Strengthen versioning, assumptions tracking, and appendix logic"
Intake package + spreadsheets + narrative memo,"Invest in permissions, logging, and governance controls"
Intake package + spreadsheets + narrative memo,"Improve export fidelity for client, compliance, and leadership audiences"
Intake package + spreadsheets + narrative memo,Prioritize fast-path intake and answer-screen workflow
Intake package + spreadsheets + narrative memo,"Improve export fidelity for client, compliance, and leadership audiences"
Intake package + spreadsheets + narrative memo,"Strengthen versioning, assumptions tracking, and appendix logic"
Intake package + spreadsheets + narrative memo,"Improve export fidelity for client, compliance, and leadership audiences"
Intake package + spreadsheets + narrative memo,Prioritize fast-path intake and answer-screen workflow
Intake package + spreadsheets + narrative memo,"Strengthen versioning, assumptions tracking, and appendix logic"
Intake package + spreadsheets + narrative memo,"Improve export fidelity for client, compliance, and leadership audiences"
Intake package + spreadsheets + narrative memo,"Strengthen versioning, assumptions tracking, and appendix logic"
Intake package + spreadsheets + narrative memo,"Improve export fidelity for client, compliance, and leadership audiences"
Manual estate flow map rebuilt for each case,"Strengthen versioning, assumptions tracking, and appendix logic"
Manual estate flow map rebuilt for each case,"Invest in permissions, logging, and governance controls"
Intake package + spreadsheets + narrative memo,Prioritize fast-path intake and answer-screen workflow
Intake package + spreadsheets + narrative memo,"Strengthen versioning, assumptions tracking, and appendix logic"
Intake package + spreadsheets + narrative memo,"Improve export fidelity for client, compliance, and leadership audiences"
Manual estate flow map rebuilt for each case,"Strengthen versioning, assumptions tracking, and appendix logic"
Manual estate flow map rebuilt for each case,"Invest in permissions, logging, and governance controls"
Manual estate flow map rebuilt for each case,"Improve export fidelity for client, compliance, and leadership audiences"
Intake package + spreadsheets + narrative memo,"Invest in permissions, logging, and governance controls"
Intake package + spreadsheets + narrative memo,Prioritize fast-path intake and answer-screen workflow
Intake package + spreadsheets + narrative memo,"Invest in permissions, logging, and governance controls"
Intake package + spreadsheets + narrative memo,"Improve export fidelity for client, compliance, and leadership audiences"
Spreadsheet + email threads + Word memo,Prioritize fast-path intake and answer-screen workflow
Spreadsheet + email threads + Word memo,"Strengthen versioning, assumptions tracking, and appendix logic"
Spreadsheet + email threads + Word memo,"Invest in permissions, logging, and governance controls"
Spreadsheet + email threads + Word memo,"Improve export fidelity for client, compliance, and leadership audiences"
Spreadsheet + email threads + Word memo,Prioritize fast-path intake and answer-screen workflow
Spreadsheet + email threads + Word memo,"Strengthen versioning, assumptions tracking, and appendix logic"
Manual estate flow map rebuilt for each case,"Strengthen versioning, assumptions tracking, and appendix logic"
Manual estate flow map rebuilt for each case,"Invest in permissions, logging, and governance controls"
Spreadsheet + email threads + Word memo,Prioritize fast-path intake and answer-screen workflow
Spreadsheet + email threads + Word memo,"Strengthen versioning, assumptions tracking, and appendix logic"
Spreadsheet + email threads + Word memo,"Invest in permissions, logging, and governance controls"
Spreadsheet + email threads + Word memo,"Improve export fidelity for client, compliance, and leadership audiences"
Intake package + spreadsheets + narrative memo,Prioritize fast-path intake and answer-screen workflow
Intake package + spreadsheets + narrative memo,"Invest in permissions, logging, and governance controls"
Intake package + spreadsheets + narrative memo,"Improve export fidelity for client, compliance, and leadership audiences"
Spreadsheet + email threads + Word memo,Prioritize fast-path intake and answer-screen workflow
Spreadsheet + email threads + Word memo,"Strengthen versioning, assumptions tracking, and appendix logic"
Spreadsheet + email threads + Word memo,"Improve export fidelity for client, compliance, and leadership audiences"
Intake package + spreadsheets + narrative memo,"Strengthen versioning, assumptions tracking, and appendix logic"
Intake package + spreadsheets + narrative memo,"Improve export fidelity for client, compliance, and leadership audiences"
Spreadsheet + email threads + Word memo,"Strengthen versioning, assumptions tracking, and appendix logic"
Spreadsheet + email threads + Word memo,"Invest in permissions, logging, and governance controls"
Spreadsheet + email threads + Word memo,"Improve export fidelity for client, compliance, and leadership audiences"
Manual estate flow map rebuilt for each case,"Invest in permissions, logging, and governance controls"
Manual estate flow map rebuilt for each case,"Improve export fidelity for client, compliance, and leadership audiences"
Intake package + spreadsheets + narrative memo,Prioritize fast-path intake and answer-screen workflow
Intake package + spreadsheets + narrative memo,"Strengthen versioning, assumptions tracking, and appendix logic"
Intake package + spreadsheets + narrative memo,"Invest in permissions, logging, and governance controls"
Intake package + spreadsheets + narrative memo,"Improve export fidelity for client, compliance, and leadership audiences"
Spreadsheet + email threads + Word memo,Prioritize fast-path intake and answer-screen workflow
Spreadsheet + email threads + Word memo,"Invest in permissions, logging, and governance controls"
Spreadsheet + email threads + Word memo,"Improve export fidelity for client, compliance, and leadership audiences"
Intake package + spreadsheets + narrative memo,"Strengthen versioning, assumptions tracking, and appendix logic"
Intake package + spreadsheets + narrative memo,"Improve export fidelity for client, compliance, and leadership audiences"
Spreadsheet + email threads + Word memo,Prioritize fast-path intake and answer-screen workflow
Spreadsheet + email threads + Word memo,"Strengthen versioning, assumptions tracking, and appendix logic"
Spreadsheet + email threads + Word memo,"Improve export fidelity for client, compliance, and leadership audiences"
Spreadsheet + email threads + Word memo,Prioritize fast-path intake and answer-screen workflow
Spreadsheet + email threads + Word memo,"Strengthen versioning, assumptions tracking, and appendix logic"
Spreadsheet + email threads + Word memo,"Improve export fidelity for client, compliance, and leadership audiences"
Spreadsheet + email threads + Word memo,"Strengthen versioning, assumptions tracking, and appendix logic"
Spreadsheet + email threads + Word memo,"Invest in permissions, logging, and governance controls"
Spreadsheet + email threads + Word memo,"Treat Section 87 as a first-class workflow, not an exception path"
Spreadsheet + email threads + Word memo,"Improve export fidelity for client, compliance, and leadership audiences"
Intake package + spreadsheets + narrative memo,Prioritize fast-path intake and answer-screen workflow
Intake package + spreadsheets + narrative memo,"Strengthen versioning, assumptions tracking, and appendix logic"
Intake package + spreadsheets + narrative memo,"Improve export fidelity for client, compliance, and leadership audiences"
Manual estate flow map rebuilt for each case,Prioritize fast-path intake and answer-screen workflow
Manual estate flow map rebuilt for each case,"Strengthen versioning, assumptions tracking, and appendix logic"
Manual estate flow map rebuilt for each case,"Improve export fidelity for client, compliance, and leadership audiences"
Intake package + spreadsheets + narrative memo,"Strengthen versioning, assumptions tracking, and appendix logic"
Spreadsheet + email threads + Word memo,"Strengthen versioning, assumptions tracking, and appendix logic"
Manual estate flow map rebuilt for each case,"Strengthen versioning, assumptions tracking, and appendix logic"
Manual estate flow map rebuilt for each case,"Invest in permissions, logging, and governance controls"
Manual estate flow map rebuilt for each case,"Improve export fidelity for client, compliance, and leadership audiences"
Intake package + spreadsheets + narrative memo,Prioritize fast-path intake and answer-screen workflow
Intake package + spreadsheets + narrative memo,"Strengthen versioning, assumptions tracking, and appendix logic"
Intake package + spreadsheets + narrative memo,Prioritize fast-path intake and answer-screen workflow
Intake package + spreadsheets + narrative memo,"Strengthen versioning, assumptions tracking, and appendix logic"
Intake package + spreadsheets + narrative memo,"Improve export fidelity for client, compliance, and leadership audiences"
Intake package + spreadsheets + narrative memo,Prioritize fast-path intake and answer-screen workflow
Intake package + spreadsheets + narrative memo,"Strengthen versioning, assumptions tracking, and appendix logic"
Intake package + spreadsheets + narrative memo,"Invest in permissions, logging, and governance controls"
Spreadsheet + email threads + Word memo,"Strengthen versioning, assumptions tracking, and appendix logic"
Spreadsheet + email threads + Word memo,"Improve export fidelity for client, compliance, and leadership audiences"
Intake package + spreadsheets + narrative memo,"Strengthen versioning, assumptions tracking, and appendix logic"
Intake package + spreadsheets + narrative memo,"Invest in permissions, logging, and governance controls"
Intake package + spreadsheets + narrative memo,"Improve export fidelity for client, compliance, and leadership audiences"
Intake package + spreadsheets + narrative memo,"Strengthen versioning, assumptions tracking, and appendix logic"
Intake package + spreadsheets + narrative memo,"Treat Section 87 as a first-class workflow, not an exception path"
Intake package + spreadsheets + narrative memo,"Improve export fidelity for client, compliance, and leadership audiences"
Intake package + spreadsheets + narrative memo,"Strengthen versioning, assumptions tracking, and appendix logic"
Intake package + spreadsheets + narrative memo,"Invest in permissions, logging, and governance controls"
Intake package + spreadsheets + narrative memo,"Strengthen versioning, assumptions tracking, and appendix logic"
Intake package + spreadsheets + narrative memo,"Invest in permissions, logging, and governance controls"
Intake package + spreadsheets + narrative memo,"Improve export fidelity for client, compliance, and leadership audiences"
Intake package + spreadsheets + narrative memo,Prioritize fast-path intake and answer-screen workflow
Intake package + spreadsheets + narrative memo,"Strengthen versioning, assumptions tracking, and appendix logic"
Intake package + spreadsheets + narrative memo,"Invest in permissions, logging, and governance controls"
Intake package + spreadsheets + narrative memo,"Treat Section 87 as a first-class workflow, not an exception path"
Intake package + spreadsheets + narrative memo,"Improve export fidelity for client, compliance, and leadership audiences"
Intake package + spreadsheets + narrative memo,"Strengthen versioning, assumptions tracking, and appendix logic"
Intake package + spreadsheets + narrative memo,"Improve export fidelity for client, compliance, and leadership audiences"
Spreadsheet + email threads + Word memo,"Strengthen versioning, assumptions tracking, and appendix logic"
Spreadsheet + email threads + Word memo,"Invest in permissions, logging, and governance controls"
Spreadsheet + email threads + Word memo,"Improve export fidelity for client, compliance, and leadership audiences"
Intake package + spreadsheets + narrative memo,"Strengthen versioning, assumptions tracking, and appendix logic"
Intake package + spreadsheets + narrative memo,"Invest in permissions, logging, and governance controls"
Intake package + spreadsheets + narrative memo,"Improve export fidelity for client, compliance, and leadership audiences"
Spreadsheet + email threads + Word memo,"Improve export fidelity for client, compliance, and leadership audiences"
Spreadsheets + templates + legacy tool,"Strengthen versioning, assumptions tracking, and appendix logic"
Spreadsheets + templates + legacy tool,"Invest in permissions, logging, and governance controls"
Spreadsheets + templates + legacy tool,"Improve export fidelity for client, compliance, and leadership audiences"
Spreadsheets + templates + legacy tool,"Improve export fidelity for client, compliance, and leadership audiences"
Regional process variations + manual review,"Strengthen versioning, assumptions tracking, and appendix logic"
Regional process variations + manual review,"Invest in permissions, logging, and governance controls"
Regional process variations + manual review,"Improve export fidelity for client, compliance, and leadership audiences"
Legacy operations system + offline reconciliation,Prioritize fast-path intake and answer-screen workflow
Legacy operations system + offline reconciliation,"Invest in permissions, logging, and governance controls"
Legacy operations system + offline reconciliation,"Improve export fidelity for client, compliance, and leadership audiences"
Spreadsheets + templates + legacy tool,Prioritize fast-path intake and answer-screen workflow
Spreadsheets + templates + legacy tool,"Invest in permissions, logging, and governance controls"
Regional process variations + manual review,"Invest in permissions, logging, and governance controls"
Regional process variations + manual review,"Improve export fidelity for client, compliance, and leadership audiences"
Regional process variations + manual review,"Strengthen versioning, assumptions tracking, and appendix logic"
Regional process variations + manual review,"Invest in permissions, logging, and governance controls"
Regional process variations + manual review,"Improve export fidelity for client, compliance, and leadership audiences"
Spreadsheets + templates + legacy tool,Prioritize fast-path intake and answer-screen workflow
Spreadsheets + templates + legacy tool,"Strengthen versioning, assumptions tracking, and appendix logic"
Spreadsheets + templates + legacy tool,"Invest in permissions, logging, and governance controls"
Spreadsheets + templates + legacy tool,"Improve export fidelity for client, compliance, and leadership audiences"
Legacy operations system + offline reconciliation,"Strengthen versioning, assumptions tracking, and appendix logic"
Legacy operations system + offline reconciliation,"Invest in permissions, logging, and governance controls"
Legacy operations system + offline reconciliation,"Improve export fidelity for client, compliance, and leadership audiences"
Spreadsheets + templates + legacy tool,"Invest in permissions, logging, and governance controls"
Spreadsheets + templates + legacy tool,"Improve export fidelity for client, compliance, and leadership audiences"
Spreadsheets + templates + legacy tool,"Strengthen versioning, assumptions tracking, and appendix logic"
Spreadsheets + templates + legacy tool,"Invest in permissions, logging, and governance controls"
Regional process variations + manual review,"Strengthen versioning, assumptions tracking, and appendix logic"
Regional process variations + manual review,"Invest in permissions, logging, and governance controls"
Regional process variations + manual review,"Improve export fidelity for client, compliance, and leadership audiences"
Regional process variations + manual review,"Invest in permissions, logging, and governance controls"
Regional process variations + manual review,"Improve export fidelity for client, compliance, and leadership audiences"
Spreadsheets + templates + legacy tool,"Strengthen versioning, assumptions tracking, and appendix logic"
Spreadsheets + templates + legacy tool,"Invest in permissions, logging, and governance controls"
Spreadsheets + templates + legacy tool,"Improve export fidelity for client, compliance, and leadership audiences"
Regional process variations + manual review,Prioritize fast-path intake and answer-screen workflow
Regional process variations + manual review,"Strengthen versioning, assumptions tracking, and appendix logic"
Regional process variations + manual review,"Invest in permissions, logging, and governance controls"
Regional process variations + manual review,"Improve export fidelity for client, compliance, and leadership audiences"
Spreadsheets + templates + legacy tool,"Invest in permissions, logging, and governance controls"
Spreadsheets + templates + legacy tool,"Improve export fidelity for client, compliance, and leadership audiences"
Regional process variations + manual review,"Strengthen versioning, assumptions tracking, and appendix logic"
Regional process variations + manual review,"Invest in permissions, logging, and governance controls"
Regional process variations + manual review,"Improve export fidelity for client, compliance, and leadership audiences"
Spreadsheets + templates + legacy tool,"Invest in permissions, logging, and governance controls"
Spreadsheets + templates + legacy tool,"Improve export fidelity for client, compliance, and leadership audiences"
Regional process variations + manual review,Prioritize fast-path intake and answer-screen workflow
Regional process variations + manual review,"Strengthen versioning, assumptions tracking, and appendix logic"
Regional process variations + manual review,"Invest in permissions, logging, and governance controls"
Regional process variations + manual review,"Improve export fidelity for client, compliance, and leadership audiences"
Regional process variations + manual review,Prioritize fast-path intake and answer-screen workflow
Regional process variations + manual review,"Strengthen versioning, assumptions tracking, and appendix logic"
Regional process variations + manual review,"Improve export fidelity for client, compliance, and leadership audiences"
Spreadsheets + templates + legacy tool,"Strengthen versioning, assumptions tracking, and appendix logic"
Spreadsheets + templates + legacy tool,"Invest in permissions, logging, and governance controls"
Spreadsheets + templates + legacy tool,"Improve export fidelity for client, compliance, and leadership audiences"
Legacy operations system + offline reconciliation,"Strengthen versioning, assumptions tracking, and appendix logic"
Legacy operations system + offline reconciliation,"Improve export fidelity for client, compliance, and leadership audiences"
Spreadsheets + templates + legacy tool,"Strengthen versioning, assumptions tracking, and appendix logic"
Spreadsheets + templates + legacy tool,"Invest in permissions, logging, and governance controls"
Spreadsheets + templates + legacy tool,Prioritize fast-path intake and answer-screen workflow
Spreadsheets + templates + legacy tool,"Strengthen versioning, assumptions tracking, and appendix logic"
Spreadsheets + templates + legacy tool,"Invest in permissions, logging, and governance controls"
Spreadsheets + templates + legacy tool,"Improve export fidelity for client, compliance, and leadership audiences"
Regional process variations + manual review,"Strengthen versioning, assumptions tracking, and appendix logic"
Regional process variations + manual review,"Improve export fidelity for client, compliance, and leadership audiences"
Spreadsheets + templates + legacy tool,"Invest in permissions, logging, and governance controls"
Regional process variations + manual review,"Invest in permissions, logging, and governance controls"
Regional process variations + manual review,"Improve export fidelity for client, compliance, and leadership audiences"
Spreadsheets + templates + legacy tool,"Invest in permissions, logging, and governance controls"
Spreadsheets + templates + legacy tool,"Improve export fidelity for client, compliance, and leadership audiences"
Regional process variations + manual review,"Strengthen versioning, assumptions tracking, and appendix logic"
Regional process variations + manual review,"Invest in permissions, logging, and governance controls"
Regional process variations + manual review,"Improve export fidelity for client, compliance, and leadership audiences"
Spreadsheets + templates + legacy tool,"Strengthen versioning, assumptions tracking, and appendix logic"
Spreadsheets + templates + legacy tool,"Invest in permissions, logging, and governance controls"
Spreadsheets + templates + legacy tool,"Improve export fidelity for client, compliance, and leadership audiences"
Spreadsheets + templates + legacy tool,"Strengthen versioning, assumptions tracking, and appendix logic"
Spreadsheets + templates + legacy tool,"Invest in permissions, logging, and governance controls"
Spreadsheets + templates + legacy tool,"Improve export fidelity for client, compliance, and leadership audiences"
Spreadsheets + templates + legacy tool,"Strengthen versioning, assumptions tracking, and appendix logic"
Spreadsheets + templates + legacy tool,"Invest in permissions, logging, and governance controls"
Spreadsheets + templates + legacy tool,"Improve export fidelity for client, compliance, and leadership audiences"
Spreadsheets + templates + legacy tool,"Strengthen versioning, assumptions tracking, and appendix logic"
Spreadsheets + templates + legacy tool,"Invest in permissions, logging, and governance controls"
Spreadsheets + templates + legacy tool,"Improve export fidelity for client, compliance, and leadership audiences"
Regional process variations + manual review,Prioritize fast-path intake and answer-screen workflow
Regional process variations + manual review,"Strengthen versioning, assumptions tracking, and appendix logic"
Regional process variations + manual review,"Invest in permissions, logging, and governance controls"
Regional process variations + manual review,"Improve export fidelity for client, compliance, and leadership audiences"
Spreadsheets + templates + legacy tool,"Strengthen versioning, assumptions tracking, and appendix logic"
Spreadsheets + templates + legacy tool,"Invest in permissions, logging, and governance controls"
Spreadsheets + templates + legacy tool,"Improve export fidelity for client, compliance, and leadership audiences"
Spreadsheets + templates + legacy tool,"Invest in permissions, logging, and governance controls"
Spreadsheets + templates + legacy tool,"Improve export fidelity for client, compliance, and leadership audiences"
Regional process variations + manual review,"Strengthen versioning, assumptions tracking, and appendix logic"
Regional process variations + manual review,"Invest in permissions, logging, and governance controls"
Regional process variations + manual review,"Improve export fidelity for client, compliance, and leadership audiences"
Regional process variations + manual review,"Strengthen versioning, assumptions tracking, and appendix logic"
Regional process variations + manual review,"Invest in permissions, logging, and governance controls"
Regional process variations + manual review,"Strengthen versioning, assumptions tracking, and appendix logic"
Regional process variations + manual review,"Improve export fidelity for client, compliance, and leadership audiences"
Spreadsheets + templates + legacy tool,"Strengthen versioning, assumptions tracking, and appendix logic"
Spreadsheets + templates + legacy tool,"Invest in permissions, logging, and governance controls"
Spreadsheets + templates + legacy tool,"Improve export fidelity for client, compliance, and leadership audiences"
Legacy operations system + offline reconciliation,"Invest in permissions, logging, and governance controls"
Regional process variations + manual review,"Invest in permissions, logging, and governance controls"
Regional process variations + manual review,"Improve export fidelity for client, compliance, and leadership audiences"
Spreadsheets + templates + legacy tool,"Strengthen versioning, assumptions tracking, and appendix logic"
Spreadsheets + templates + legacy tool,"Invest in permissions, logging, and governance controls"
Spreadsheets + templates + legacy tool,"Improve export fidelity for client, compliance, and leadership audiences"
Spreadsheets + templates + legacy tool,"Strengthen versioning, assumptions tracking, and appendix logic"
Spreadsheets + templates + legacy tool,"Invest in permissions, logging, and governance controls"
Spreadsheets + templates + legacy tool,"Strengthen versioning, assumptions tracking, and appendix logic"
Spreadsheets + templates + legacy tool,"Invest in permissions, logging, and governance controls"
Spreadsheets + templates + legacy tool,"Improve export fidelity for client, compliance, and leadership audiences"
Regional process variations + manual review,"Invest in permissions, logging, and governance controls"
Legacy operations system + offline reconciliation,"Strengthen versioning, assumptions tracking, and appendix logic"
Legacy operations system + offline reconciliation,"Invest in permissions, logging, and governance controls"
Legacy operations system + offline reconciliation,"Improve export fidelity for client, compliance, and leadership audiences"
Regional process variations + manual review,"Improve export fidelity for client, compliance, and leadership audiences"
Spreadsheets + templates + legacy tool,"Strengthen versioning, assumptions tracking, and appendix logic"
Spreadsheets + templates + legacy tool,"Invest in permissions, logging, and governance controls"
Spreadsheets + templates + legacy tool,"Invest in permissions, logging, and governance controls"
Spreadsheets + templates + legacy tool,"Improve export fidelity for client, compliance, and leadership audiences"
Regional process variations + manual review,"Invest in permissions, logging, and governance controls"
Spreadsheets + templates + legacy tool,"Strengthen versioning, assumptions tracking, and appendix logic"
Spreadsheets + templates + legacy tool,"Invest in permissions, logging, and governance controls"
Spreadsheets + templates + legacy tool,"Improve export fidelity for client, compliance, and leadership audiences"
Regional process variations + manual review,"Strengthen versioning, assumptions tracking, and appendix logic"
Regional process variations + manual review,"Invest in permissions, logging, and governance controls"
Regional process variations + manual review,"Improve export fidelity for client, compliance, and leadership audiences"
Legacy operations system + offline reconciliation,"Strengthen versioning, assumptions tracking, and appendix logic"
Legacy operations system + offline reconciliation,"Invest in permissions, logging, and governance controls"
Legacy operations system + offline reconciliation,"Improve export fidelity for client, compliance, and leadership audiences"
Legacy operations system + offline reconciliation,"Strengthen versioning, assumptions tracking, and appendix logic"
Legacy operations system + offline reconciliation,"Invest in permissions, logging, and governance controls"
Legacy operations system + offline reconciliation,"Improve export fidelity for client, compliance, and leadership audiences"
Spreadsheets + templates + legacy tool,"Strengthen versioning, assumptions tracking, and appendix logic"
Spreadsheets + templates + legacy tool,"Improve export fidelity for client, compliance, and leadership audiences"
Legacy operations system + offline reconciliation,"Invest in permissions, logging, and governance controls"
Legacy operations system + offline reconciliation,"Improve export fidelity for client, compliance, and leadership audiences"
Legacy operations system + offline reconciliation,"Strengthen versioning, assumptions tracking, and appendix logic"
Legacy operations system + offline reconciliation,"Invest in permissions, logging, and governance controls"
Legacy operations system + offline reconciliation,"Improve export fidelity for client, compliance, and leadership audiences"
Spreadsheets + templates + legacy tool,Prioritize fast-path intake and answer-screen workflow
Spreadsheets + templates + legacy tool,"Invest in permissions, logging, and governance controls"
Legacy operations system + offline reconciliation,"Strengthen versioning, assumptions tracking, and appendix logic"
Legacy operations system + offline reconciliation,"Invest in permissions, logging, and governance controls"
Legacy operations system + offline reconciliation,"Improve export fidelity for client, compliance, and leadership audiences"
Regional process variations + manual review,"Invest in permissions, logging, and governance controls"
Regional process variations + manual review,"Improve export fidelity for client, compliance, and leadership audiences"
Spreadsheets + templates + legacy tool,"Strengthen versioning, assumptions tracking, and appendix logic"
Spreadsheets + templates + legacy tool,"Invest in permissions, logging, and governance controls"
Spreadsheets + templates + legacy tool,"Improve export fidelity for client, compliance, and leadership audiences"
Spreadsheets + templates + legacy tool,"Invest in permissions, logging, and governance controls"
Spreadsheets + templates + legacy tool,"Improve export fidelity for client, compliance, and leadership audiences"
Regional process variations + manual review,"Strengthen versioning, assumptions tracking, and appendix logic"
Regional process variations + manual review,"Invest in permissions, logging, and governance controls"
Regional process variations + manual review,"Improve export fidelity for client, compliance, and leadership audiences"
Spreadsheets + templates + legacy tool,"Strengthen versioning, assumptions tracking, and appendix logic"
Spreadsheets + templates + legacy tool,"Invest in permissions, logging, and governance controls"
Spreadsheets + templates + legacy tool,"Improve export fidelity for client, compliance, and leadership audiences"
Spreadsheets + templates + legacy tool,"Invest in permissions, logging, and governance controls"
Spreadsheets + templates + legacy tool,"Improve export fidelity for client, compliance, and leadership audiences"
Regional process variations + manual review,"Strengthen versioning, assumptions tracking, and appendix logic"
Regional process variations + manual review,"Invest in permissions, logging, and governance controls"
Regional process variations + manual review,"Improve export fidelity for client, compliance, and leadership audiences"
Regional process variations + manual review,Prioritize fast-path intake and answer-screen workflow
Regional process variations + manual review,"Strengthen versioning, assumptions tracking, and appendix logic"
Regional process variations + manual review,"Invest in permissions, logging, and governance controls"
Regional process variations + manual review,"Improve export fidelity for client, compliance, and leadership audiences"
Regional process variations + manual review,"Strengthen versioning, assumptions tracking, and appendix logic"
Regional process variations + manual review,"Invest in permissions, logging, and governance controls"
Regional process variations + manual review,"Improve export fidelity for client, compliance, and leadership audiences"
Spreadsheets + templates + legacy tool,"Invest in permissions, logging, and governance controls"
Spreadsheets + templates + legacy tool,"Improve export fidelity for client, compliance, and leadership audiences"
Spreadsheets + templates + legacy tool,"Invest in permissions, logging, and governance controls"
Spreadsheets + templates + legacy tool,"Improve export fidelity for client, compliance, and leadership audiences"
Regional process variations + manual review,"Strengthen versioning, assumptions tracking, and appendix logic"
Regional process variations + manual review,"Invest in permissions, logging, and governance controls"
Regional process variations + manual review,"Improve export fidelity for client, compliance, and leadership audiences"
Spreadsheets + templates + legacy tool,"Strengthen versioning, assumptions tracking, and appendix logic"
Spreadsheets + templates + legacy tool,"Invest in permissions, logging, and governance controls"
Spreadsheets + templates + legacy tool,"Improve export fidelity for client, compliance, and leadership audiences"
Spreadsheets + templates + legacy tool,"Improve export fidelity for client, compliance, and leadership audiences"
Legacy operations system + offline reconciliation,"Invest in permissions, logging, and governance controls"
Legacy operations system + offline reconciliation,"Improve export fidelity for client, compliance, and leadership audiences"
Regional process variations + manual review,Prioritize fast-path intake and answer-screen workflow
Regional process variations + manual review,"Invest in permissions, logging, and governance controls"
Regional process variations + manual review,"Improve export fidelity for client, compliance, and leadership audiences"
Regional process variations + manual review,"Strengthen versioning, assumptions tracking, and appendix logic"
Regional process variations + manual review,"Invest in permissions, logging, and governance controls"
Spreadsheets + templates + legacy tool,"Strengthen versioning, assumptions tracking, and appendix logic"
Spreadsheets + templates + legacy tool,"Invest in permissions, logging, and governance controls"
Spreadsheets + templates + legacy tool,"Improve export fidelity for client, compliance, and leadership audiences"
Regional process variations + manual review,"Improve export fidelity for client, compliance, and leadership audiences"
Legacy operations system + offline reconciliation,"Strengthen versioning, assumptions tracking, and appendix logic"
Legacy operations system + offline reconciliation,"Invest in permissions, logging, and governance controls"
Legacy operations system + offline reconciliation,"Improve export fidelity for client, compliance, and leadership audiences"
Spreadsheets + templates + legacy tool,"Invest in permissions, logging, and governance controls"
Spreadsheets + templates + legacy tool,"Improve export fidelity for client, compliance, and leadership audiences"
Regional process variations + manual review,"Invest in permissions, logging, and governance controls"
Regional process variations + manual review,"Improve export fidelity for client, compliance, and leadership audiences"
Regional process variations + manual review,Prioritize fast-path intake and answer-screen workflow
Regional process variations + manual review,"Invest in permissions, logging, and governance controls"
Regional process variations + manual review,"Improve export fidelity for client, compliance, and leadership audiences"
Spreadsheets + templates + legacy tool,"Strengthen versioning, assumptions tracking, and appendix logic"
Spreadsheets + templates + legacy tool,"Improve export fidelity for client, compliance, and leadership audiences"
Spreadsheets + templates + legacy tool,"Strengthen versioning, assumptions tracking, and appendix logic"
Spreadsheets + templates + legacy tool,"Invest in permissions, logging, and governance controls"
Spreadsheets + templates + legacy tool,"Improve export fidelity for client, compliance, and leadership audiences"
Spreadsheets + templates + legacy tool,"Strengthen versioning, assumptions tracking, and appendix logic"
Regional process variations + manual review,"Strengthen versioning, assumptions tracking, and appendix logic"
Regional process variations + manual review,"Invest in permissions, logging, and governance controls"
Regional process variations + manual review,"Improve export fidelity for client, compliance, and leadership audiences"
Spreadsheets + templates + legacy tool,Prioritize fast-path intake and answer-screen workflow
Spreadsheets + templates + legacy tool,"Strengthen versioning, assumptions tracking, and appendix logic"
Spreadsheets + templates + legacy tool,"Invest in permissions, logging, and governance controls"
Spreadsheets + templates + legacy tool,"Improve export fidelity for client, compliance, and leadership audiences"
Regional process variations + manual review,"Invest in permissions, logging, and governance controls"
Spreadsheets + templates + legacy tool,"Invest in permissions, logging, and governance controls"
Spreadsheets + templates + legacy tool,"Treat Section 87 as a first-class workflow, not an exception path"
Spreadsheets + templates + legacy tool,"Improve export fidelity for client, compliance, and leadership audiences"
Spreadsheets + templates + legacy tool,Prioritize fast-path intake and answer-screen workflow
Spreadsheets + templates + legacy tool,"Invest in permissions, logging, and governance controls"
Spreadsheets + templates + legacy tool,"Improve export fidelity for client, compliance, and leadership audiences"
Spreadsheets + templates + legacy tool,Prioritize fast-path intake and answer-screen workflow
Spreadsheets + templates + legacy tool,"Strengthen versioning, assumptions tracking, and appendix logic"
Spreadsheets + templates + legacy tool,"Invest in permissions, logging, and governance controls"
Spreadsheets + templates + legacy tool,"Strengthen versioning, assumptions tracking, and appendix logic"
Spreadsheets + templates + legacy tool,"Invest in permissions, logging, and governance controls"
Spreadsheets + templates + legacy tool,"Improve export fidelity for client, compliance, and leadership audiences"
Regional process variations + manual review,Prioritize fast-path intake and answer-screen workflow
Regional process variations + manual review,"Improve export fidelity for client, compliance, and leadership audiences"
Spreadsheets + templates + legacy tool,Prioritize fast-path intake and answer-screen workflow
Spreadsheets + templates + legacy tool,"Invest in permissions, logging, and governance controls"
Spreadsheets + templates + legacy tool,"Improve export fidelity for client, compliance, and leadership audiences"
Regional process variations + manual review,"Strengthen versioning, assumptions tracking, and appendix logic"
Regional process variations + manual review,"Invest in permissions, logging, and governance controls"
Regional process variations + manual review,"Improve export fidelity for client, compliance, and leadership audiences"
Legacy operations system + offline reconciliation,"Strengthen versioning, assumptions tracking, and appendix logic"
Legacy operations system + offline reconciliation,"Improve export fidelity for client, compliance, and leadership audiences"
Spreadsheets + templates + legacy tool,"Improve export fidelity for client, compliance, and leadership audiences"
Spreadsheets + templates + legacy tool,"Strengthen versioning, assumptions tracking, and appendix logic"
Spreadsheets + templates + legacy tool,"Invest in permissions, logging, and governance controls"
Spreadsheets + templates + legacy tool,"Improve export fidelity for client, compliance, and leadership audiences"
Regional process variations + manual review,Prioritize fast-path intake and answer-screen workflow
Regional process variations + manual review,"Strengthen versioning, assumptions tracking, and appendix logic"
Regional process variations + manual review,"Invest in permissions, logging, and governance controls"
Regional process variations + manual review,"Improve export fidelity for client, compliance, and leadership audiences"
Regional process variations + manual review,"Strengthen versioning, assumptions tracking, and appendix logic"
Regional process variations + manual review,"Invest in permissions, logging, and governance controls"
Regional process variations + manual review,"Improve export fidelity for client, compliance, and leadership audiences"
Regional process variations + manual review,"Invest in permissions, logging, and governance controls"
Regional process variations + manual review,"Improve export fidelity for client, compliance, and leadership audiences"
Regional process variations + manual review,"Strengthen versioning, assumptions tracking, and appendix logic"
Regional process variations + manual review,"Improve export fidelity for client, compliance, and leadership audiences"
Spreadsheets + templates + legacy tool,"Strengthen versioning, assumptions tracking, and appendix logic"
Spreadsheets + templates + legacy tool,"Invest in permissions, logging, and governance controls"
Spreadsheets + templates + legacy tool,"Improve export fidelity for client, compliance, and leadership audiences"
Spreadsheets + templates + legacy tool,"Invest in permissions, logging, and governance controls"
Spreadsheets + templates + legacy tool,"Improve export fidelity for client, compliance, and leadership audiences"
Spreadsheets + templates + legacy tool,"Invest in permissions, logging, and governance controls"
Spreadsheets + templates + legacy tool,"Improve export fidelity for client, compliance, and leadership audiences"
Spreadsheets + templates + legacy tool,"Strengthen versioning, assumptions tracking, and appendix logic"
Spreadsheets + templates + legacy tool,"Invest in permissions, logging, and governance controls"
Spreadsheets + templates + legacy tool,"Improve export fidelity for client, compliance, and leadership audiences"
Spreadsheets + templates + legacy tool,"Strengthen versioning, assumptions tracking, and appendix logic"
Spreadsheets + templates + legacy tool,"Invest in permissions, logging, and governance controls"
Spreadsheets + templates + legacy tool,"Improve export fidelity for client, compliance, and leadership audiences"
Spreadsheets + templates + legacy tool,"Strengthen versioning, assumptions tracking, and appendix logic"
Spreadsheets + templates + legacy tool,"Invest in permissions, logging, and governance controls"
Spreadsheets + templates + legacy tool,"Improve export fidelity for client, compliance, and leadership audiences"
Regional process variations + manual review,"Strengthen versioning, assumptions tracking, and appendix logic"
Regional process variations + manual review,"Invest in permissions, logging, and governance controls"
Regional process variations + manual review,"Improve export fidelity for client, compliance, and leadership audiences"
Legacy operations system + offline reconciliation,"Strengthen versioning, assumptions tracking, and appendix logic"
Legacy operations system + offline reconciliation,"Invest in permissions, logging, and governance controls"
Legacy operations system + offline reconciliation,"Improve export fidelity for client, compliance, and leadership audiences"
Spreadsheets + templates + legacy tool,Prioritize fast-path intake and answer-screen workflow
Spreadsheets + templates + legacy tool,"Strengthen versioning, assumptions tracking, and appendix logic"
Spreadsheets + templates + legacy tool,"Improve export fidelity for client, compliance, and leadership audiences"
Spreadsheets + templates + legacy tool,"Invest in permissions, logging, and governance controls"
Spreadsheets + templates + legacy tool,"Improve export fidelity for client, compliance, and leadership audiences"
Spreadsheets + templates + legacy tool,"Strengthen versioning, assumptions tracking, and appendix logic"
Spreadsheets + templates + legacy tool,"Invest in permissions, logging, and governance controls"
Spreadsheets + templates + legacy tool,"Improve export fidelity for client, compliance, and leadership audiences"
Regional process variations + manual review,"Strengthen versioning, assumptions tracking, and appendix logic"
Regional process variations + manual review,"Invest in permissions, logging, and governance controls"
Regional process variations + manual review,"Improve export fidelity for client, compliance, and leadership audiences"
Spreadsheets + templates + legacy tool,"Strengthen versioning, assumptions tracking, and appendix logic"
Spreadsheets + templates + legacy tool,"Invest in permissions, logging, and governance controls"
Spreadsheets + templates + legacy tool,"Improve export fidelity for client, compliance, and leadership audiences"
Regional process variations + manual review,"Invest in permissions, logging, and governance controls"
Regional process variations + manual review,"Improve export fidelity for client, compliance, and leadership audiences"
Spreadsheets + templates + legacy tool,"Strengthen versioning, assumptions tracking, and appendix logic"
Spreadsheets + templates + legacy tool,"Invest in permissions, logging, and governance controls"
Spreadsheets + templates + legacy tool,"Improve export fidelity for client, compliance, and leadership audiences"
Spreadsheets + templates + legacy tool,"Invest in permissions, logging, and governance controls"
Spreadsheets + templates + legacy tool,"Improve export fidelity for client, compliance, and leadership audiences"
Regional process variations + manual review,"Strengthen versioning, assumptions tracking, and appendix logic"
Regional process variations + manual review,"Invest in permissions, logging, and governance controls"
Regional process variations + manual review,"Improve export fidelity for client, compliance, and leadership audiences"
Spreadsheets + templates + legacy tool,"Invest in permissions, logging, and governance controls"
Regional process variations + manual review,"Strengthen versioning, assumptions tracking, and appendix logic"
Regional process variations + manual review,"Improve export fidelity for client, compliance, and leadership audiences"
Spreadsheets + templates + legacy tool,"Strengthen versioning, assumptions tracking, and appendix logic"
Spreadsheets + templates + legacy tool,"Invest in permissions, logging, and governance controls"
Spreadsheets + templates + legacy tool,"Improve export fidelity for client, compliance, and leadership audiences"
Regional process variations + manual review,"Invest in permissions, logging, and governance controls"
Regional process variations + manual review,"Improve export fidelity for client, compliance, and leadership audiences"
Legacy operations system + offline reconciliation,"Invest in permissions, logging, and governance controls"
Legacy operations system + offline reconciliation,"Improve export fidelity for client, compliance, and leadership audiences"
Spreadsheets + templates + legacy tool,"Strengthen versioning, assumptions tracking, and appendix logic"
Spreadsheets + templates + legacy tool,"Invest in permissions, logging, and governance controls"
Spreadsheets + templates + legacy tool,"Improve export fidelity for client, compliance, and leadership audiences"
Legacy operations system + offline reconciliation,"Strengthen versioning, assumptions tracking, and appendix logic"
Legacy operations system + offline reconciliation,"Invest in permissions, logging, and governance controls"
Legacy operations system + offline reconciliation,"Improve export fidelity for client, compliance, and leadership audiences"
Spreadsheets + templates + legacy tool,"Invest in permissions, logging, and governance controls"
Spreadsheets + templates + legacy tool,"Improve export fidelity for client, compliance, and leadership audiences"
Spreadsheets + templates + legacy tool,"Strengthen versioning, assumptions tracking, and appendix logic"
Spreadsheets + templates + legacy tool,"Invest in permissions, logging, and governance controls"
Spreadsheets + templates + legacy tool,"Improve export fidelity for client, compliance, and leadership audiences"
Legacy operations system + offline reconciliation,"Strengthen versioning, assumptions tracking, and appendix logic"
Legacy operations system + offline reconciliation,"Invest in permissions, logging, and governance controls"
Legacy operations system + offline reconciliation,"Improve export fidelity for client, compliance, and leadership audiences"
Regional process variations + manual review,"Strengthen versioning, assumptions tracking, and appendix logic"
Regional process variations + manual review,"Invest in permissions, logging, and governance controls"
Regional process variations + manual review,"Improve export fidelity for client, compliance, and leadership audiences"
Spreadsheets + templates + legacy tool,"Invest in permissions, logging, and governance controls"
Spreadsheets + templates + legacy tool,"Improve export fidelity for client, compliance, and leadership audiences"
Regional process variations + manual review,"Invest in permissions, logging, and governance controls"
Regional process variations + manual review,"Improve export fidelity for client, compliance, and leadership audiences"
Spreadsheets + templates + legacy tool,"Strengthen versioning, assumptions tracking, and appendix logic"
Spreadsheets + templates + legacy tool,"Invest in permissions, logging, and governance controls"
Spreadsheets + templates + legacy tool,"Improve export fidelity for client, compliance, and leadership audiences"
Spreadsheets + templates + legacy tool,"Strengthen versioning, assumptions tracking, and appendix logic"
Spreadsheets + templates + legacy tool,"Invest in permissions, logging, and governance controls"
Spreadsheets + templates + legacy tool,"Improve export fidelity for client, compliance, and leadership audiences"
Legacy operations system + offline reconciliation,"Strengthen versioning, assumptions tracking, and appendix logic"
Legacy operations system + offline reconciliation,"Invest in permissions, logging, and governance controls"
Legacy operations system + offline reconciliation,"Improve export fidelity for client, compliance, and leadership audiences"
Spreadsheets + templates + legacy tool,"Invest in permissions, logging, and governance controls"
Spreadsheets + templates + legacy tool,"Improve export fidelity for client, compliance, and leadership audiences"
Spreadsheets + templates + legacy tool,"Invest in permissions, logging, and governance controls"
Spreadsheets + templates + legacy tool,"Improve export fidelity for client, compliance, and leadership audiences"
Legacy operations system + offline reconciliation,"Strengthen versioning, assumptions tracking, and appendix logic"
Legacy operations system + offline reconciliation,"Invest in permissions, logging, and governance controls"
Legacy operations system + offline reconciliation,"Improve export fidelity for client, compliance, and leadership audiences"
Legacy operations system + offline reconciliation,"Strengthen versioning, assumptions tracking, and appendix logic"
Legacy operations system + offline reconciliation,"Invest in permissions, logging, and governance controls"
Legacy operations system + offline reconciliation,"Improve export fidelity for client, compliance, and leadership audiences"
Spreadsheets + templates + legacy tool,"Invest in permissions, logging, and governance controls"
Spreadsheets + templates + legacy tool,"Improve export fidelity for client, compliance, and leadership audiences"
Legacy operations system + offline reconciliation,"Strengthen versioning, assumptions tracking, and appendix logic"
Legacy operations system + offline reconciliation,"Invest in permissions, logging, and governance controls"
Legacy operations system + offline reconciliation,"Improve export fidelity for client, compliance, and leadership audiences"
Regional process variations + manual review,"Invest in permissions, logging, and governance controls"
Regional process variations + manual review,"Improve export fidelity for client, compliance, and leadership audiences"
Spreadsheets + templates + legacy tool,"Invest in permissions, logging, and governance controls"
Spreadsheets + templates + legacy tool,"Improve export fidelity for client, compliance, and leadership audiences"
Spreadsheets + templates + legacy tool,"Invest in permissions, logging, and governance controls"
Regional process variations + manual review,Prioritize fast-path intake and answer-screen workflow
Regional process variations + manual review,"Strengthen versioning, assumptions tracking, and appendix logic"
Regional process variations + manual review,"Invest in permissions, logging, and governance controls"
Spreadsheets + templates + legacy tool,"Strengthen versioning, assumptions tracking, and appendix logic"
Spreadsheets + templates + legacy tool,"Invest in permissions, logging, and governance controls"
Spreadsheets + templates + legacy tool,"Improve export fidelity for client, compliance, and leadership audiences"
Regional process variations + manual review,"Strengthen versioning, assumptions tracking, and appendix logic"
Regional process variations + manual review,"Invest in permissions, logging, and governance controls"
Regional process variations + manual review,"Improve export fidelity for client, compliance, and leadership audiences"
Spreadsheets + templates + legacy tool,"Strengthen versioning, assumptions tracking, and appendix logic"
Spreadsheets + templates + legacy tool,"Improve export fidelity for client, compliance, and leadership audiences"
Regional process variations + manual review,"Strengthen versioning, assumptions tracking, and appendix logic"
Regional process variations + manual review,"Invest in permissions, logging, and governance controls"
Regional process variations + manual review,"Improve export fidelity for client, compliance, and leadership audiences"
Spreadsheets + templates + legacy tool,"Strengthen versioning, assumptions tracking, and appendix logic"
Spreadsheets + templates + legacy tool,"Invest in permissions, logging, and governance controls"
Spreadsheets + templates + legacy tool,"Improve export fidelity for client, compliance, and leadership audiences"
Legacy operations system + offline reconciliation,"Strengthen versioning, assumptions tracking, and appendix logic"
Legacy operations system + offline reconciliation,"Invest in permissions, logging, and governance controls"
Legacy operations system + offline reconciliation,"Improve export fidelity for client, compliance, and leadership audiences"
Spreadsheets + templates + legacy tool,Prioritize fast-path intake and answer-screen workflow
Spreadsheets + templates + legacy tool,"Strengthen versioning, assumptions tracking, and appendix logic"
Spreadsheets + templates + legacy tool,"Invest in permissions, logging, and governance controls"
Spreadsheets + templates + legacy tool,Prioritize fast-path intake and answer-screen workflow
Spreadsheets + templates + legacy tool,"Strengthen versioning, assumptions tracking, and appendix logic"
Spreadsheets + templates + legacy tool,"Improve export fidelity for client, compliance, and leadership audiences"
Spreadsheets + templates + legacy tool,"Strengthen versioning, assumptions tracking, and appendix logic"
Spreadsheets + templates + legacy tool,"Invest in permissions, logging, and governance controls"
Spreadsheets + templates + legacy tool,"Improve export fidelity for client, compliance, and leadership audiences"
Spreadsheets + templates + legacy tool,Prioritize fast-path intake and answer-screen workflow
Spreadsheets + templates + legacy tool,"Strengthen versioning, assumptions tracking, and appendix logic"
Spreadsheets + templates + legacy tool,"Invest in permissions, logging, and governance controls"
Spreadsheets + templates + legacy tool,"Improve export fidelity for client, compliance, and leadership audiences"
Legacy operations system + offline reconciliation,Prioritize fast-path intake and answer-screen workflow
Legacy operations system + offline reconciliation,"Strengthen versioning, assumptions tracking, and appendix logic"
Legacy operations system + offline reconciliation,"Invest in permissions, logging, and governance controls"
Legacy operations system + offline reconciliation,"Improve export fidelity for client, compliance, and leadership audiences"
Legacy operations system + offline reconciliation,"Strengthen versioning, assumptions tracking, and appendix logic"
Legacy operations system + offline reconciliation,"Invest in permissions, logging, and governance controls"
Spreadsheets + templates + legacy tool,Prioritize fast-path intake and answer-screen workflow
Spreadsheets + templates + legacy tool,"Strengthen versioning, assumptions tracking, and appendix logic"
Spreadsheets + templates + legacy tool,"Invest in permissions, logging, and governance controls"
Spreadsheets + templates + legacy tool,"Improve export fidelity for client, compliance, and leadership audiences"
Legacy operations system + offline reconciliation,"Invest in permissions, logging, and governance controls"
Legacy operations system + offline reconciliation,"Improve export fidelity for client, compliance, and leadership audiences"
Regional process variations + manual review,"Strengthen versioning, assumptions tracking, and appendix logic"
Regional process variations + manual review,"Invest in permissions, logging, and governance controls"
Regional process variations + manual review,"Improve export fidelity for client, compliance, and leadership audiences"
Regional process variations + manual review,"Strengthen versioning, assumptions tracking, and appendix logic"
Regional process variations + manual review,"Invest in permissions, logging, and governance controls"
Regional process variations + manual review,"Improve export fidelity for client, compliance, and leadership audiences"
Spreadsheets + templates + legacy tool,Prioritize fast-path intake and answer-screen workflow
Spreadsheets + templates + legacy tool,"Strengthen versioning, assumptions tracking, and appendix logic"
Spreadsheets + templates + legacy tool,"Invest in permissions, logging, and governance controls"
Spreadsheets + templates + legacy tool,"Improve export fidelity for client, compliance, and leadership audiences"
Spreadsheets + templates + legacy tool,"Invest in permissions, logging, and governance controls"
Spreadsheets + templates + legacy tool,"Improve export fidelity for client, compliance, and leadership audiences"
Spreadsheets + templates + legacy tool,"Strengthen versioning, assumptions tracking, and appendix logic"
Spreadsheets + templates + legacy tool,"Invest in permissions, logging, and governance controls"
Spreadsheets + templates + legacy tool,"Improve export fidelity for client, compliance, and leadership audiences"
Regional process variations + manual review,"Invest in permissions, logging, and governance controls"
Regional process variations + manual review,"Improve export fidelity for client, compliance, and leadership audiences"
Spreadsheets + templates + legacy tool,"Strengthen versioning, assumptions tracking, and appendix logic"
Spreadsheets + templates + legacy tool,"Invest in permissions, logging, and governance controls"
Spreadsheets + templates + legacy tool,"Improve export fidelity for client, compliance, and leadership audiences"
Spreadsheets + templates + legacy tool,"Strengthen versioning, assumptions tracking, and appendix logic"
Spreadsheets + templates + legacy tool,"Invest in permissions, logging, and governance controls"
Spreadsheets + templates + legacy tool,"Improve export fidelity for client, compliance, and leadership audiences"
Regional process variations + manual review,"Invest in permissions, logging, and governance controls"
Regional process variations + manual review,"Improve export fidelity for client, compliance, and leadership audiences"
Spreadsheets + templates + legacy tool,"Invest in permissions, logging, and governance controls"
Spreadsheets + templates + legacy tool,"Improve export fidelity for client, compliance, and leadership audiences"
Spreadsheets + templates + legacy tool,"Invest in permissions, logging, and governance controls"
Spreadsheets + templates + legacy tool,"Improve export fidelity for client, compliance, and leadership audiences"
Spreadsheets + templates + legacy tool,"Invest in permissions, logging, and governance controls"
Spreadsheets + templates + legacy tool,"Improve export fidelity for client, compliance, and leadership audiences"
Regional process variations + manual review,"Strengthen versioning, assumptions tracking, and appendix logic"
Regional process variations + manual review,"Invest in permissions, logging, and governance controls"
Regional process variations + manual review,"Improve export fidelity for client, compliance, and leadership audiences"
Spreadsheets + templates + legacy tool,"Strengthen versioning, assumptions tracking, and appendix logic"
Spreadsheets + templates + legacy tool,"Invest in permissions, logging, and governance controls"
Spreadsheets + templates + legacy tool,"Improve export fidelity for client, compliance, and leadership audiences"
Regional process variations + manual review,"Invest in permissions, logging, and governance controls"
Regional process variations + manual review,"Improve export fidelity for client, compliance, and leadership audiences"
Spreadsheets + templates + legacy tool,Prioritize fast-path intake and answer-screen workflow
Spreadsheets + templates + legacy tool,"Strengthen versioning, assumptions tracking, and appendix logic"
Spreadsheets + templates + legacy tool,"Invest in permissions, logging, and governance controls"
Spreadsheets + templates + legacy tool,"Improve export fidelity for client, compliance, and leadership audiences"
Spreadsheets + templates + legacy tool,"Strengthen versioning, assumptions tracking, and appendix logic"
Spreadsheets + templates + legacy tool,"Invest in permissions, logging, and governance controls"
Spreadsheets + templates + legacy tool,"Improve export fidelity for client, compliance, and leadership audiences"
Legacy operations system + offline reconciliation,Prioritize fast-path intake and answer-screen workflow
Legacy operations system + offline reconciliation,"Strengthen versioning, assumptions tracking, and appendix logic"
Legacy operations system + offline reconciliation,"Improve export fidelity for client, compliance, and leadership audiences"
Spreadsheets + templates + legacy tool,"Invest in permissions, logging, and governance controls"
Spreadsheets + templates + legacy tool,"Improve export fidelity for client, compliance, and leadership audiences"
Regional process variations + manual review,"Strengthen versioning, assumptions tracking, and appendix logic"
Regional process variations + manual review,"Invest in permissions, logging, and governance controls"
Regional process variations + manual review,"Improve export fidelity for client, compliance, and leadership audiences"
Spreadsheets + templates + legacy tool,"Strengthen versioning, assumptions tracking, and appendix logic"
Spreadsheets + templates + legacy tool,"Invest in permissions, logging, and governance controls"
Spreadsheets + templates + legacy tool,"Improve export fidelity for client, compliance, and leadership audiences"
Legacy operations system + offline reconciliation,"Strengthen versioning, assumptions tracking, and appendix logic"
Legacy operations system + offline reconciliation,"Invest in permissions, logging, and governance controls"
Legacy operations system + offline reconciliation,"Improve export fidelity for client, compliance, and leadership audiences"
Regional process variations + manual review,"Strengthen versioning, assumptions tracking, and appendix logic"
Regional process variations + manual review,"Invest in permissions, logging, and governance controls"
Regional process variations + manual review,"Improve export fidelity for client, compliance, and leadership audiences"
Spreadsheets + templates + legacy tool,"Strengthen versioning, assumptions tracking, and appendix logic"
Spreadsheets + templates + legacy tool,"Invest in permissions, logging, and governance controls"
Spreadsheets + templates + legacy tool,"Improve export fidelity for client, compliance, and leadership audiences"
Spreadsheets + templates + legacy tool,"Strengthen versioning, assumptions tracking, and appendix logic"
Spreadsheets + templates + legacy tool,"Invest in permissions, logging, and governance controls"
Spreadsheets + templates + legacy tool,"Improve export fidelity for client, compliance, and leadership audiences"
Legacy operations system + offline reconciliation,"Invest in permissions, logging, and governance controls"
Legacy operations system + offline reconciliation,"Improve export fidelity for client, compliance, and leadership audiences"
Spreadsheets + templates + legacy tool,"Strengthen versioning, assumptions tracking, and appendix logic"
Spreadsheets + templates + legacy tool,"Invest in permissions, logging, and governance controls"
Spreadsheets + templates + legacy tool,"Improve export fidelity for client, compliance, and leadership audiences"
Spreadsheets + templates + legacy tool,"Strengthen versioning, assumptions tracking, and appendix logic"
Spreadsheets + templates + legacy tool,"Invest in permissions, logging, and governance controls"
Spreadsheets + templates + legacy tool,"Improve export fidelity for client, compliance, and leadership audiences"
Legacy operations system + offline reconciliation,"Strengthen versioning, assumptions tracking, and appendix logic"
Legacy operations system + offline reconciliation,"Invest in permissions, logging, and governance controls"
Legacy operations system + offline reconciliation,"Improve export fidelity for client, compliance, and leadership audiences"
Regional process variations + manual review,"Strengthen versioning, assumptions tracking, and appendix logic"
Regional process variations + manual review,"Invest in permissions, logging, and governance controls"
Regional process variations + manual review,"Improve export fidelity for client, compliance, and leadership audiences"
Spreadsheets + templates + legacy tool,"Strengthen versioning, assumptions tracking, and appendix logic"
Spreadsheets + templates + legacy tool,"Invest in permissions, logging, and governance controls"
Spreadsheets + templates + legacy tool,"Improve export fidelity for client, compliance, and leadership audiences"
Regional process variations + manual review,"Invest in permissions, logging, and governance controls"
Regional process variations + manual review,"Improve export fidelity for client, compliance, and leadership audiences"
Regional process variations + manual review,"Invest in permissions, logging, and governance controls"
Regional process variations + manual review,"Improve export fidelity for client, compliance, and leadership audiences"
Spreadsheets + templates + legacy tool,Prioritize fast-path intake and answer-screen workflow
Regional process variations + manual review,"Strengthen versioning, assumptions tracking, and appendix logic"
Regional process variations + manual review,"Improve export fidelity for client, compliance, and leadership audiences"
Legacy operations system + offline reconciliation,"Strengthen versioning, assumptions tracking, and appendix logic"
Legacy operations system + offline reconciliation,"Invest in permissions, logging, and governance controls"
Legacy operations system + offline reconciliation,"Improve export fidelity for client, compliance, and leadership audiences"
Spreadsheets + templates + legacy tool,"Strengthen versioning, assumptions tracking, and appendix logic"
Spreadsheets + templates + legacy tool,"Invest in permissions, logging, and governance controls"
Regional process variations + manual review,"Strengthen versioning, assumptions tracking, and appendix logic"
Regional process variations + manual review,"Invest in permissions, logging, and governance controls"
Regional process variations + manual review,"Improve export fidelity for client, compliance, and leadership audiences"
Legacy operations system + offline reconciliation,"Strengthen versioning, assumptions tracking, and appendix logic"
Legacy operations system + offline reconciliation,"Invest in permissions, logging, and governance controls"
Legacy operations system + offline reconciliation,"Improve export fidelity for client, compliance, and leadership audiences"
Regional process variations + manual review,"Strengthen versioning, assumptions tracking, and appendix logic"
Regional process variations + manual review,"Invest in permissions, logging, and governance controls"
Regional process variations + manual review,"Invest in permissions, logging, and governance controls"
Regional process variations + manual review,"Treat Section 87 as a first-class workflow, not an exception path"
Regional process variations + manual review,"Improve export fidelity for client, compliance, and leadership audiences"
Spreadsheets + templates + legacy tool,"Strengthen versioning, assumptions tracking, and appendix logic"
Spreadsheets + templates + legacy tool,"Invest in permissions, logging, and governance controls"
Spreadsheets + templates + legacy tool,"Improve export fidelity for client, compliance, and leadership audiences"
Spreadsheets + templates + legacy tool,"Strengthen versioning, assumptions tracking, and appendix logic"
Spreadsheets + templates + legacy tool,"Invest in permissions, logging, and governance controls"
Spreadsheets + templates + legacy tool,"Improve export fidelity for client, compliance, and leadership audiences"
Spreadsheets + templates + legacy tool,"Strengthen versioning, assumptions tracking, and appendix logic"
Spreadsheets + templates + legacy tool,"Invest in permissions, logging, and governance controls"
Spreadsheets + templates + legacy tool,"Improve export fidelity for client, compliance, and leadership audiences"
Spreadsheets + templates + legacy tool,"Strengthen versioning, assumptions tracking, and appendix logic"
Spreadsheets + templates + legacy tool,"Invest in permissions, logging, and governance controls"
Spreadsheets + templates + legacy tool,"Improve export fidelity for client, compliance, and leadership audiences"
Spreadsheets + templates + legacy tool,Prioritize fast-path intake and answer-screen workflow
Spreadsheets + templates + legacy tool,"Strengthen versioning, assumptions tracking, and appendix logic"
Spreadsheets + templates + legacy tool,"Treat Section 87 as a first-class workflow, not an exception path"
Spreadsheets + templates + legacy tool,"Improve export fidelity for client, compliance, and leadership audiences"
Regional process variations + manual review,"Strengthen versioning, assumptions tracking, and appendix logic"
Regional process variations + manual review,"Invest in permissions, logging, and governance controls"
Regional process variations + manual review,"Improve export fidelity for client, compliance, and leadership audiences"
Spreadsheets + templates + legacy tool,"Strengthen versioning, assumptions tracking, and appendix logic"
Spreadsheets + templates + legacy tool,"Improve export fidelity for client, compliance, and leadership audiences"
Spreadsheets + templates + legacy tool,"Strengthen versioning, assumptions tracking, and appendix logic"
Spreadsheets + templates + legacy tool,"Invest in permissions, logging, and governance controls"
Spreadsheets + templates + legacy tool,"Improve export fidelity for client, compliance, and leadership audiences"
Spreadsheets + templates + legacy tool,"Improve export fidelity for client, compliance, and leadership audiences"
Legacy operations system + offline reconciliation,"Invest in permissions, logging, and governance controls"
Legacy operations system + offline reconciliation,"Improve export fidelity for client, compliance, and leadership audiences"
Spreadsheets + templates + legacy tool,"Strengthen versioning, assumptions tracking, and appendix logic"
Spreadsheets + templates + legacy tool,"Invest in permissions, logging, and governance controls"
Spreadsheets + templates + legacy tool,"Improve export fidelity for client, compliance, and leadership audiences"
Spreadsheets + templates + legacy tool,"Strengthen versioning, assumptions tracking, and appendix logic"
Spreadsheets + templates + legacy tool,"Improve export fidelity for client, compliance, and leadership audiences"
Spreadsheets + templates + legacy tool,"Strengthen versioning, assumptions tracking, and appendix logic"
Spreadsheets + templates + legacy tool,"Invest in permissions, logging, and governance controls"
Spreadsheets + templates + legacy tool,"Improve export fidelity for client, compliance, and leadership audiences"
Spreadsheets + templates + legacy tool,Prioritize fast-path intake and answer-screen workflow
Spreadsheets + templates + legacy tool,"Invest in permissions, logging, and governance controls"
Regional process variations + manual review,"Invest in permissions, logging, and governance controls"
Regional process variations + manual review,"Improve export fidelity for client, compliance, and leadership audiences"
Spreadsheets + templates + legacy tool,Prioritize fast-path intake and answer-screen workflow
Spreadsheets + templates + legacy tool,"Strengthen versioning, assumptions tracking, and appendix logic"
Spreadsheets + templates + legacy tool,"Invest in permissions, logging, and governance controls"
Spreadsheets + templates + legacy tool,"Improve export fidelity for client, compliance, and leadership audiences"
Spreadsheets + templates + legacy tool,"Strengthen versioning, assumptions tracking, and appendix logic"
Spreadsheets + templates + legacy tool,"Invest in permissions, logging, and governance controls"
Spreadsheets + templates + legacy tool,"Improve export fidelity for client, compliance, and leadership audiences"
Legacy operations system + offline reconciliation,"Strengthen versioning, assumptions tracking, and appendix logic"
Legacy operations system + offline reconciliation,"Invest in permissions, logging, and governance controls"
Legacy operations system + offline reconciliation,"Improve export fidelity for client, compliance, and leadership audiences"
Spreadsheets + templates + legacy tool,"Strengthen versioning, assumptions tracking, and appendix logic"
Spreadsheets + templates + legacy tool,"Invest in permissions, logging, and governance controls"
Spreadsheets + templates + legacy tool,"Improve export fidelity for client, compliance, and leadership audiences"
Legacy operations system + offline reconciliation,Prioritize fast-path intake and answer-screen workflow
Legacy operations system + offline reconciliation,"Invest in permissions, logging, and governance controls"
Legacy operations system + offline reconciliation,"Improve export fidelity for client, compliance, and leadership audiences"
Regional process variations + manual review,"Invest in permissions, logging, and governance controls"
Regional process variations + manual review,"Improve export fidelity for client, compliance, and leadership audiences"
Legacy operations system + offline reconciliation,"Strengthen versioning, assumptions tracking, and appendix logic"
Legacy operations system + offline reconciliation,"Invest in permissions, logging, and governance controls"
Legacy operations system + offline reconciliation,"Improve export fidelity for client, compliance, and leadership audiences"
Spreadsheets + templates + legacy tool,"Strengthen versioning, assumptions tracking, and appendix logic"
Spreadsheets + templates + legacy tool,"Invest in permissions, logging, and governance controls"
Legacy operations system + offline reconciliation,Prioritize fast-path intake and answer-screen workflow
Legacy operations system + offline reconciliation,"Strengthen versioning, assumptions tracking, and appendix logic"
Legacy operations system + offline reconciliation,"Improve export fidelity for client, compliance, and leadership audiences"
Spreadsheets + templates + legacy tool,"Strengthen versioning, assumptions tracking, and appendix logic"
Spreadsheets + templates + legacy tool,"Invest in permissions, logging, and governance controls"
Spreadsheets + templates + legacy tool,"Improve export fidelity for client, compliance, and leadership audiences"
Legacy operations system + offline reconciliation,"Strengthen versioning, assumptions tracking, and appendix logic"
Legacy operations system + offline reconciliation,"Invest in permissions, logging, and governance controls"
Legacy operations system + offline reconciliation,"Improve export fidelity for client, compliance, and leadership audiences"
Spreadsheets + templates + legacy tool,"Invest in permissions, logging, and governance controls"
Spreadsheets + templates + legacy tool,"Improve export fidelity for client, compliance, and leadership audiences"
Regional process variations + manual review,"Invest in permissions, logging, and governance controls"
Regional process variations + manual review,"Improve export fidelity for client, compliance, and leadership audiences"
Spreadsheets + templates + legacy tool,"Strengthen versioning, assumptions tracking, and appendix logic"
Spreadsheets + templates + legacy tool,"Invest in permissions, logging, and governance controls"
Spreadsheets + templates + legacy tool,"Improve export fidelity for client, compliance, and leadership audiences"
Regional process variations + manual review,Prioritize fast-path intake and answer-screen workflow
Regional process variations + manual review,"Invest in permissions, logging, and governance controls"
Regional process variations + manual review,"Improve export fidelity for client, compliance, and leadership audiences"
Regional process variations + manual review,"Strengthen versioning, assumptions tracking, and appendix logic"
Regional process variations + manual review,"Invest in permissions, logging, and governance controls"
Regional process variations + manual review,"Improve export fidelity for client, compliance, and leadership audiences"
Regional process variations + manual review,"Strengthen versioning, assumptions tracking, and appendix logic"
Regional process variations + manual review,"Invest in permissions, logging, and governance controls"
Regional process variations + manual review,"Strengthen versioning, assumptions tracking, and appendix logic"
Regional process variations + manual review,"Invest in permissions, logging, and governance controls"
Regional process variations + manual review,"Improve export fidelity for client, compliance, and leadership audiences"
Legacy operations system + offline reconciliation,"Invest in permissions, logging, and governance controls"
Legacy operations system + offline reconciliation,"Improve export fidelity for client, compliance, and leadership audiences"
Regional process variations + manual review,Prioritize fast-path intake and answer-screen workflow
Regional process variations + manual review,"Strengthen versioning, assumptions tracking, and appendix logic"
Regional process variations + manual review,"Invest in permissions, logging, and governance controls"
Regional process variations + manual review,"Improve export fidelity for client, compliance, and leadership audiences"
Legacy operations system + offline reconciliation,"Strengthen versioning, assumptions tracking, and appendix logic"
Legacy operations system + offline reconciliation,"Invest in permissions, logging, and governance controls"
Regional process variations + manual review,"Invest in permissions, logging, and governance controls"
Regional process variations + manual review,"Improve export fidelity for client, compliance, and leadership audiences"
Regional process variations + manual review,"Strengthen versioning, assumptions tracking, and appendix logic"
Regional process variations + manual review,"Improve export fidelity for client, compliance, and leadership audiences"
Spreadsheets + templates + legacy tool,"Improve export fidelity for client, compliance, and leadership audiences"
Spreadsheets + templates + legacy tool,"Strengthen versioning, assumptions tracking, and appendix logic"
Spreadsheets + templates + legacy tool,"Invest in permissions, logging, and governance controls"
Spreadsheets + templates + legacy tool,"Improve export fidelity for client, compliance, and leadership audiences"
Spreadsheets + templates + legacy tool,"Strengthen versioning, assumptions tracking, and appendix logic"
Spreadsheets + templates + legacy tool,"Invest in permissions, logging, and governance controls"
Spreadsheets + templates + legacy tool,"Improve export fidelity for client, compliance, and leadership audiences"
Spreadsheets + templates + legacy tool,Prioritize fast-path intake and answer-screen workflow
Spreadsheets + templates + legacy tool,"Strengthen versioning, assumptions tracking, and appendix logic"
Spreadsheets + templates + legacy tool,"Invest in permissions, logging, and governance controls"
Spreadsheets + templates + legacy tool,"Improve export fidelity for client, compliance, and leadership audiences"
Spreadsheets + templates + legacy tool,"Strengthen versioning, assumptions tracking, and appendix logic"
Spreadsheets + templates + legacy tool,"Invest in permissions, logging, and governance controls"
Spreadsheets + templates + legacy tool,"Improve export fidelity for client, compliance, and leadership audiences"
Spreadsheets + templates + legacy tool,"Strengthen versioning, assumptions tracking, and appendix logic"
Spreadsheets + templates + legacy tool,"Invest in permissions, logging, and governance controls"
Spreadsheets + templates + legacy tool,"Improve export fidelity for client, compliance, and leadership audiences"
Regional process variations + manual review,"Strengthen versioning, assumptions tracking, and appendix logic"
Regional process variations + manual review,"Invest in permissions, logging, and governance controls"
Regional process variations + manual review,"Improve export fidelity for client, compliance, and leadership audiences"
Regional process variations + manual review,"Strengthen versioning, assumptions tracking, and appendix logic"
Regional process variations + manual review,"Invest in permissions, logging, and governance controls"
Regional process variations + manual review,"Improve export fidelity for client, compliance, and leadership audiences"
Spreadsheets + templates + legacy tool,"Strengthen versioning, assumptions tracking, and appendix logic"
Spreadsheets + templates + legacy tool,"Improve export fidelity for client, compliance, and leadership audiences"
Spreadsheets + templates + legacy tool,"Strengthen versioning, assumptions tracking, and appendix logic"
Spreadsheets + templates + legacy tool,"Invest in permissions, logging, and governance controls"
Spreadsheets + templates + legacy tool,"Improve export fidelity for client, compliance, and leadership audiences"
Legacy operations system + offline reconciliation,"Strengthen versioning, assumptions tracking, and appendix logic"
Legacy operations system + offline reconciliation,"Invest in permissions, logging, and governance controls"
Legacy operations system + offline reconciliation,"Improve export fidelity for client, compliance, and leadership audiences"
Regional process variations + manual review,Prioritize fast-path intake and answer-screen workflow
Regional process variations + manual review,"Strengthen versioning, assumptions tracking, and appendix logic"
Regional process variations + manual review,"Invest in permissions, logging, and governance controls"
Regional process variations + manual review,"Improve export fidelity for client, compliance, and leadership audiences"
Spreadsheets + templates + legacy tool,Prioritize fast-path intake and answer-screen workflow
Spreadsheets + templates + legacy tool,"Strengthen versioning, assumptions tracking, and appendix logic"
Spreadsheets + templates + legacy tool,"Invest in permissions, logging, and governance controls"
Spreadsheets + templates + legacy tool,"Improve export fidelity for client, compliance, and leadership audiences"
Regional process variations + manual review,Prioritize fast-path intake and answer-screen workflow
Regional process variations + manual review,"Invest in permissions, logging, and governance controls"
Regional process variations + manual review,"Improve export fidelity for client, compliance, and leadership audiences"
Spreadsheets + templates + legacy tool,"Strengthen versioning, assumptions tracking, and appendix logic"
Spreadsheets + templates + legacy tool,"Invest in permissions, logging, and governance controls"
Legacy operations system + offline reconciliation,"Strengthen versioning, assumptions tracking, and appendix logic"
Legacy operations system + offline reconciliation,"Improve export fidelity for client, compliance, and leadership audiences"
Spreadsheets + templates + legacy tool,Prioritize fast-path intake and answer-screen workflow
Spreadsheets + templates + legacy tool,"Strengthen versioning, assumptions tracking, and appendix logic"
Spreadsheets + templates + legacy tool,"Invest in permissions, logging, and governance controls"
Spreadsheets + templates + legacy tool,"Improve export fidelity for client, compliance, and leadership audiences"
Regional process variations + manual review,"Strengthen versioning, assumptions tracking, and appendix logic"
Regional process variations + manual review,"Invest in permissions, logging, and governance controls"
Spreadsheets + templates + legacy tool,"Invest in permissions, logging, and governance controls"
Spreadsheets + templates + legacy tool,"Improve export fidelity for client, compliance, and leadership audiences"
Spreadsheets + templates + legacy tool,"Strengthen versioning, assumptions tracking, and appendix logic"
Spreadsheets + templates + legacy tool,"Invest in permissions, logging, and governance controls"
Spreadsheets + templates + legacy tool,"Improve export fidelity for client, compliance, and leadership audiences"
Regional process variations + manual review,"Strengthen versioning, assumptions tracking, and appendix logic"
Regional process variations + manual review,"Invest in permissions, logging, and governance controls"
Regional process variations + manual review,"Improve export fidelity for client, compliance, and leadership audiences"
Spreadsheets + templates + legacy tool,"Strengthen versioning, assumptions tracking, and appendix logic"
Spreadsheets + templates + legacy tool,"Invest in permissions, logging, and governance controls"
Spreadsheets + templates + legacy tool,"Improve export fidelity for client, compliance, and leadership audiences"
Spreadsheets + templates + legacy tool,"Invest in permissions, logging, and governance controls"
Spreadsheets + templates + legacy tool,Prioritize fast-path intake and answer-screen workflow
Spreadsheets + templates + legacy tool,"Strengthen versioning, assumptions tracking, and appendix logic"
Spreadsheets + templates + legacy tool,"Invest in permissions, logging, and governance controls"
Spreadsheets + templates + legacy tool,"Improve export fidelity for client, compliance, and leadership audiences"
Spreadsheets + templates + legacy tool,"Invest in permissions, logging, and governance controls"
Spreadsheets + templates + legacy tool,"Improve export fidelity for client, compliance, and leadership audiences"
Regional process variations + manual review,Prioritize fast-path intake and answer-screen workflow
Regional process variations + manual review,"Invest in permissions, logging, and governance controls"
Regional process variations + manual review,"Improve export fidelity for client, compliance, and leadership audiences"
Regional process variations + manual review,"Strengthen versioning, assumptions tracking, and appendix logic"
Regional process variations + manual review,"Invest in permissions, logging, and governance controls"
Regional process variations + manual review,"Improve export fidelity for client, compliance, and leadership audiences"
Spreadsheets + templates + legacy tool,Prioritize fast-path intake and answer-screen workflow
Spreadsheets + templates + legacy tool,"Strengthen versioning, assumptions tracking, and appendix logic"
Spreadsheets + templates + legacy tool,"Invest in permissions, logging, and governance controls"
Spreadsheets + templates + legacy tool,"Improve export fidelity for client, compliance, and leadership audiences"
Regional process variations + manual review,"Strengthen versioning, assumptions tracking, and appendix logic"
Regional process variations + manual review,"Invest in permissions, logging, and governance controls"
Regional process variations + manual review,"Improve export fidelity for client, compliance, and leadership audiences"
Legacy operations system + offline reconciliation,"Strengthen versioning, assumptions tracking, and appendix logic"
Legacy operations system + offline reconciliation,"Invest in permissions, logging, and governance controls"
Legacy operations system + offline reconciliation,"Improve export fidelity for client, compliance, and leadership audiences"
Legacy operations system + offline reconciliation,"Strengthen versioning, assumptions tracking, and appendix logic"
Legacy operations system + offline reconciliation,"Invest in permissions, logging, and governance controls"
Legacy operations system + offline reconciliation,"Improve export fidelity for client, compliance, and leadership audiences"
Spreadsheets + templates + legacy tool,"Strengthen versioning, assumptions tracking, and appendix logic"
Spreadsheets + templates + legacy tool,"Invest in permissions, logging, and governance controls"
Spreadsheets + templates + legacy tool,Prioritize fast-path intake and answer-screen workflow
Spreadsheets + templates + legacy tool,"Strengthen versioning, assumptions tracking, and appendix logic"
Spreadsheets + templates + legacy tool,"Invest in permissions, logging, and governance controls"
Spreadsheets + templates + legacy tool,"Improve export fidelity for client, compliance, and leadership audiences"
Legacy operations system + offline reconciliation,"Strengthen versioning, assumptions tracking, and appendix logic"
Legacy operations system + offline reconciliation,"Invest in permissions, logging, and governance controls"
Legacy operations system + offline reconciliation,"Improve export fidelity for client, compliance, and leadership audiences"
Spreadsheets + templates + legacy tool,Prioritize fast-path intake and answer-screen workflow
Spreadsheets + templates + legacy tool,"Strengthen versioning, assumptions tracking, and appendix logic"
Spreadsheets + templates + legacy tool,"Invest in permissions, logging, and governance controls"
Spreadsheets + templates + legacy tool,"Improve export fidelity for client, compliance, and leadership audiences"
Manual validation + institutional knowledge,"Strengthen versioning, assumptions tracking, and appendix logic"
Manual validation + institutional knowledge,"Treat Section 87 as a first-class workflow, not an exception path"
Manual validation + institutional knowledge,"Improve export fidelity for client, compliance, and leadership audiences"
Manual validation + institutional knowledge,"Invest in permissions, logging, and governance controls"
Manual validation + institutional knowledge,"Treat Section 87 as a first-class workflow, not an exception path"
Manual validation + institutional knowledge,"Improve export fidelity for client, compliance, and leadership audiences"
Spreadsheets + checklists + templates,"Strengthen versioning, assumptions tracking, and appendix logic"
Spreadsheets + checklists + templates,"Treat Section 87 as a first-class workflow, not an exception path"
Spreadsheets + checklists + templates,"Improve export fidelity for client, compliance, and leadership audiences"
Manual validation + institutional knowledge,"Treat Section 87 as a first-class workflow, not an exception path"
Manual validation + institutional knowledge,"Improve export fidelity for client, compliance, and leadership audiences"
Spreadsheets + checklists + templates,"Strengthen versioning, assumptions tracking, and appendix logic"
Spreadsheets + checklists + templates,"Treat Section 87 as a first-class workflow, not an exception path"
Spreadsheets + checklists + templates,"Improve export fidelity for client, compliance, and leadership audiences"
Spreadsheets + checklists + templates,"Strengthen versioning, assumptions tracking, and appendix logic"
Spreadsheets + checklists + templates,"Invest in permissions, logging, and governance controls"
Spreadsheets + checklists + templates,"Treat Section 87 as a first-class workflow, not an exception path"
Spreadsheets + checklists + templates,"Improve export fidelity for client, compliance, and leadership audiences"
Manual validation + institutional knowledge,"Strengthen versioning, assumptions tracking, and appendix logic"
Manual validation + institutional knowledge,"Treat Section 87 as a first-class workflow, not an exception path"
Manual validation + institutional knowledge,"Improve export fidelity for client, compliance, and leadership audiences"
Spreadsheets + checklists + templates,"Strengthen versioning, assumptions tracking, and appendix logic"
Spreadsheets + checklists + templates,"Invest in permissions, logging, and governance controls"
Spreadsheets + checklists + templates,"Treat Section 87 as a first-class workflow, not an exception path"
Spreadsheets + checklists + templates,"Improve export fidelity for client, compliance, and leadership audiences"
Manual validation + institutional knowledge,"Treat Section 87 as a first-class workflow, not an exception path"
Manual validation + institutional knowledge,"Improve export fidelity for client, compliance, and leadership audiences"
Spreadsheets + checklists + templates,"Strengthen versioning, assumptions tracking, and appendix logic"
Spreadsheets + checklists + templates,"Treat Section 87 as a first-class workflow, not an exception path"
Spreadsheets + checklists + templates,"Improve export fidelity for client, compliance, and leadership audiences"
Spreadsheets + checklists + templates,"Invest in permissions, logging, and governance controls"
Spreadsheets + checklists + templates,"Treat Section 87 as a first-class workflow, not an exception path"
Spreadsheets + checklists + templates,"Improve export fidelity for client, compliance, and leadership audiences"
Spreadsheet + external reporting pack,"Invest in permissions, logging, and governance controls"
Spreadsheet + external reporting pack,"Treat Section 87 as a first-class workflow, not an exception path"
Spreadsheet + external reporting pack,"Improve export fidelity for client, compliance, and leadership audiences"
Spreadsheets + checklists + templates,"Strengthen versioning, assumptions tracking, and appendix logic"
Spreadsheets + checklists + templates,"Treat Section 87 as a first-class workflow, not an exception path"
Spreadsheets + checklists + templates,"Improve export fidelity for client, compliance, and leadership audiences"
Manual validation + institutional knowledge,"Strengthen versioning, assumptions tracking, and appendix logic"
Manual validation + institutional knowledge,"Treat Section 87 as a first-class workflow, not an exception path"
Manual validation + institutional knowledge,"Improve export fidelity for client, compliance, and leadership audiences"
Spreadsheets + checklists + templates,"Strengthen versioning, assumptions tracking, and appendix logic"
Spreadsheets + checklists + templates,"Treat Section 87 as a first-class workflow, not an exception path"
Spreadsheets + checklists + templates,"Improve export fidelity for client, compliance, and leadership audiences"
Spreadsheets + checklists + templates,Prioritize fast-path intake and answer-screen workflow
Spreadsheets + checklists + templates,"Treat Section 87 as a first-class workflow, not an exception path"
Spreadsheets + checklists + templates,"Improve export fidelity for client, compliance, and leadership audiences"
Spreadsheet + external reporting pack,Prioritize fast-path intake and answer-screen workflow
Spreadsheet + external reporting pack,"Strengthen versioning, assumptions tracking, and appendix logic"
Spreadsheet + external reporting pack,"Invest in permissions, logging, and governance controls"
Spreadsheet + external reporting pack,"Treat Section 87 as a first-class workflow, not an exception path"
Spreadsheet + external reporting pack,"Improve export fidelity for client, compliance, and leadership audiences"
Manual validation + institutional knowledge,"Strengthen versioning, assumptions tracking, and appendix logic"
Manual validation + institutional knowledge,"Treat Section 87 as a first-class workflow, not an exception path"
Spreadsheet + external reporting pack,"Strengthen versioning, assumptions tracking, and appendix logic"
Spreadsheet + external reporting pack,"Treat Section 87 as a first-class workflow, not an exception path"
Spreadsheet + external reporting pack,"Improve export fidelity for client, compliance, and leadership audiences"
Manual validation + institutional knowledge,Prioritize fast-path intake and answer-screen workflow
Manual validation + institutional knowledge,"Strengthen versioning, assumptions tracking, and appendix logic"
Manual validation + institutional knowledge,"Treat Section 87 as a first-class workflow, not an exception path"
Spreadsheets + checklists + templates,"Strengthen versioning, assumptions tracking, and appendix logic"
Spreadsheets + checklists + templates,"Invest in permissions, logging, and governance controls"
Spreadsheets + checklists + templates,"Treat Section 87 as a first-class workflow, not an exception path"
Spreadsheets + checklists + templates,"Improve export fidelity for client, compliance, and leadership audiences"
Spreadsheet + external reporting pack,"Strengthen versioning, assumptions tracking, and appendix logic"
Spreadsheet + external reporting pack,"Treat Section 87 as a first-class workflow, not an exception path"
Spreadsheet + external reporting pack,"Improve export fidelity for client, compliance, and leadership audiences"
Manual validation + institutional knowledge,Prioritize fast-path intake and answer-screen workflow
Manual validation + institutional knowledge,"Invest in permissions, logging, and governance controls"
Manual validation + institutional knowledge,"Treat Section 87 as a first-class workflow, not an exception path"
Manual validation + institutional knowledge,"Improve export fidelity for client, compliance, and leadership audiences"
Spreadsheets + checklists + templates,"Strengthen versioning, assumptions tracking, and appendix logic"
Spreadsheets + checklists + templates,"Treat Section 87 as a first-class workflow, not an exception path"
Spreadsheets + checklists + templates,"Improve export fidelity for client, compliance, and leadership audiences"
Manual validation + institutional knowledge,"Treat Section 87 as a first-class workflow, not an exception path"
Manual validation + institutional knowledge,"Improve export fidelity for client, compliance, and leadership audiences"
Spreadsheets + checklists + templates,Prioritize fast-path intake and answer-screen workflow
Spreadsheets + checklists + templates,"Strengthen versioning, assumptions tracking, and appendix logic"
Spreadsheets + checklists + templates,"Invest in permissions, logging, and governance controls"
Spreadsheets + checklists + templates,"Treat Section 87 as a first-class workflow, not an exception path"
Spreadsheets + checklists + templates,"Improve export fidelity for client, compliance, and leadership audiences"
Spreadsheets + checklists + templates,"Treat Section 87 as a first-class workflow, not an exception path"
Spreadsheets + checklists + templates,"Improve export fidelity for client, compliance, and leadership audiences"
Manual validation + institutional knowledge,Prioritize fast-path intake and answer-screen workflow
Manual validation + institutional knowledge,"Invest in permissions, logging, and governance controls"
Manual validation + institutional knowledge,"Treat Section 87 as a first-class workflow, not an exception path"
Manual validation + institutional knowledge,"Improve export fidelity for client, compliance, and leadership audiences"
Manual validation + institutional knowledge,"Strengthen versioning, assumptions tracking, and appendix logic"
Manual validation + institutional knowledge,"Treat Section 87 as a first-class workflow, not an exception path"
Manual validation + institutional knowledge,"Improve export fidelity for client, compliance, and leadership audiences"
Manual validation + institutional knowledge,"Treat Section 87 as a first-class workflow, not an exception path"
Manual validation + institutional knowledge,"Improve export fidelity for client, compliance, and leadership audiences"
Spreadsheets + checklists + templates,"Invest in permissions, logging, and governance controls"
Spreadsheets + checklists + templates,"Treat Section 87 as a first-class workflow, not an exception path"
Spreadsheets + checklists + templates,"Improve export fidelity for client, compliance, and leadership audiences"
Spreadsheets + checklists + templates,"Treat Section 87 as a first-class workflow, not an exception path"
Spreadsheets + checklists + templates,"Improve export fidelity for client, compliance, and leadership audiences"
Spreadsheets + checklists + templates,"Treat Section 87 as a first-class workflow, not an exception path"
Spreadsheets + checklists + templates,"Improve export fidelity for client, compliance, and leadership audiences"
Manual validation + institutional knowledge,Prioritize fast-path intake and answer-screen workflow
Manual validation + institutional knowledge,"Treat Section 87 as a first-class workflow, not an exception path"
Manual validation + institutional knowledge,"Improve export fidelity for client, compliance, and leadership audiences"
Spreadsheets + checklists + templates,Prioritize fast-path intake and answer-screen workflow
Spreadsheets + checklists + templates,"Invest in permissions, logging, and governance controls"
Spreadsheets + checklists + templates,"Treat Section 87 as a first-class workflow, not an exception path"
Spreadsheet + external reporting pack,"Invest in permissions, logging, and governance controls"
Spreadsheet + external reporting pack,"Treat Section 87 as a first-class workflow, not an exception path"
Spreadsheet + external reporting pack,"Improve export fidelity for client, compliance, and leadership audiences"
Spreadsheet + external reporting pack,"Treat Section 87 as a first-class workflow, not an exception path"
Spreadsheet + external reporting pack,"Improve export fidelity for client, compliance, and leadership audiences"
Spreadsheet + external reporting pack,"Treat Section 87 as a first-class workflow, not an exception path"
Spreadsheet + external reporting pack,"Improve export fidelity for client, compliance, and leadership audiences"
Spreadsheet + external reporting pack,Prioritize fast-path intake and answer-screen workflow
Spreadsheet + external reporting pack,"Invest in permissions, logging, and governance controls"
Spreadsheet + external reporting pack,"Treat Section 87 as a first-class workflow, not an exception path"
Spreadsheet + external reporting pack,"Improve export fidelity for client, compliance, and leadership audiences"
Spreadsheets + checklists + templates,"Strengthen versioning, assumptions tracking, and appendix logic"
Spreadsheets + checklists + templates,"Treat Section 87 as a first-class workflow, not an exception path"
Spreadsheets + checklists + templates,"Improve export fidelity for client, compliance, and leadership audiences"
Manual validation + institutional knowledge,Prioritize fast-path intake and answer-screen workflow
Manual validation + institutional knowledge,"Treat Section 87 as a first-class workflow, not an exception path"
Manual validation + institutional knowledge,"Improve export fidelity for client, compliance, and leadership audiences"
Spreadsheet + external reporting pack,"Treat Section 87 as a first-class workflow, not an exception path"
Spreadsheet + external reporting pack,"Improve export fidelity for client, compliance, and leadership audiences"
Manual validation + institutional knowledge,"Treat Section 87 as a first-class workflow, not an exception path"
Manual validation + institutional knowledge,"Improve export fidelity for client, compliance, and leadership audiences"
Spreadsheets + checklists + templates,"Strengthen versioning, assumptions tracking, and appendix logic"
Spreadsheets + checklists + templates,"Invest in permissions, logging, and governance controls"
Spreadsheets + checklists + templates,"Treat Section 87 as a first-class workflow, not an exception path"
Spreadsheets + checklists + templates,"Improve export fidelity for client, compliance, and leadership audiences"
Spreadsheets + checklists + templates,"Strengthen versioning, assumptions tracking, and appendix logic"
Spreadsheets + checklists + templates,"Treat Section 87 as a first-class workflow, not an exception path"
Spreadsheets + checklists + templates,Prioritize fast-path intake and answer-screen workflow
Spreadsheets + checklists + templates,"Strengthen versioning, assumptions tracking, and appendix logic"
Spreadsheets + checklists + templates,"Treat Section 87 as a first-class workflow, not an exception path"
Spreadsheets + checklists + templates,"Improve export fidelity for client, compliance, and leadership audiences"
Manual validation + institutional knowledge,"Treat Section 87 as a first-class workflow, not an exception path"
Spreadsheet + external reporting pack,"Treat Section 87 as a first-class workflow, not an exception path"
Spreadsheet + external reporting pack,"Improve export fidelity for client, compliance, and leadership audiences"
Spreadsheets + checklists + templates,"Invest in permissions, logging, and governance controls"
Spreadsheets + checklists + templates,"Treat Section 87 as a first-class workflow, not an exception path"
Spreadsheets + checklists + templates,"Improve export fidelity for client, compliance, and leadership audiences"
Spreadsheets + checklists + templates,"Treat Section 87 as a first-class workflow, not an exception path"
Spreadsheets + checklists + templates,"Improve export fidelity for client, compliance, and leadership audiences"
Spreadsheet + external reporting pack,"Strengthen versioning, assumptions tracking, and appendix logic"
Spreadsheet + external reporting pack,"Treat Section 87 as a first-class workflow, not an exception path"
Spreadsheet + external reporting pack,"Improve export fidelity for client, compliance, and leadership audiences"
Spreadsheets + checklists + templates,Prioritize fast-path intake and answer-screen workflow
Spreadsheets + checklists + templates,"Strengthen versioning, assumptions tracking, and appendix logic"
Spreadsheets + checklists + templates,"Invest in permissions, logging, and governance controls"
Spreadsheets + checklists + templates,"Treat Section 87 as a first-class workflow, not an exception path"
Spreadsheets + checklists + templates,"Improve export fidelity for client, compliance, and leadership audiences"
Spreadsheets + checklists + templates,"Invest in permissions, logging, and governance controls"
Spreadsheets + checklists + templates,"Treat Section 87 as a first-class workflow, not an exception path"
Spreadsheets + checklists + templates,"Improve export fidelity for client, compliance, and leadership audiences"
Spreadsheets + checklists + templates,"Strengthen versioning, assumptions tracking, and appendix logic"
Spreadsheets + checklists + templates,"Treat Section 87 as a first-class workflow, not an exception path"
Spreadsheets + checklists + templates,"Improve export fidelity for client, compliance, and leadership audiences"
Spreadsheets + checklists + templates,"Treat Section 87 as a first-class workflow, not an exception path"
Spreadsheets + checklists + templates,"Improve export fidelity for client, compliance, and leadership audiences"
Spreadsheets + checklists + templates,Prioritize fast-path intake and answer-screen workflow
Spreadsheets + checklists + templates,"Strengthen versioning, assumptions tracking, and appendix logic"
Spreadsheets + checklists + templates,"Invest in permissions, logging, and governance controls"
Spreadsheets + checklists + templates,"Treat Section 87 as a first-class workflow, not an exception path"
Spreadsheets + checklists + templates,"Improve export fidelity for client, compliance, and leadership audiences"
Spreadsheets + checklists + templates,Prioritize fast-path intake and answer-screen workflow
Spreadsheets + checklists + templates,"Strengthen versioning, assumptions tracking, and appendix logic"
Spreadsheets + checklists + templates,"Treat Section 87 as a first-class workflow, not an exception path"
Spreadsheets + checklists + templates,"Improve export fidelity for client, compliance, and leadership audiences"
Manual validation + institutional knowledge,"Treat Section 87 as a first-class workflow, not an exception path"
Manual validation + institutional knowledge,"Improve export fidelity for client, compliance, and leadership audiences"
Spreadsheets + checklists + templates,"Strengthen versioning, assumptions tracking, and appendix logic"
Spreadsheets + checklists + templates,"Invest in permissions, logging, and governance controls"
Spreadsheets + checklists + templates,"Treat Section 87 as a first-class workflow, not an exception path"
Spreadsheets + checklists + templates,"Improve export fidelity for client, compliance, and leadership audiences"
Spreadsheets + checklists + templates,"Treat Section 87 as a first-class workflow, not an exception path"
Spreadsheets + checklists + templates,"Improve export fidelity for client, compliance, and leadership audiences"
Spreadsheets + checklists + templates,"Invest in permissions, logging, and governance controls"
Spreadsheets + checklists + templates,"Treat Section 87 as a first-class workflow, not an exception path"
Spreadsheets + checklists + templates,"Improve export fidelity for client, compliance, and leadership audiences"
Spreadsheet + external reporting pack,"Strengthen versioning, assumptions tracking, and appendix logic"
Spreadsheet + external reporting pack,"Treat Section 87 as a first-class workflow, not an exception path"
Spreadsheet + external reporting pack,"Improve export fidelity for client, compliance, and leadership audiences"
Manual validation + institutional knowledge,Prioritize fast-path intake and answer-screen workflow
Manual validation + institutional knowledge,"Strengthen versioning, assumptions tracking, and appendix logic"
Manual validation + institutional knowledge,"Invest in permissions, logging, and governance controls"
Manual validation + institutional knowledge,"Treat Section 87 as a first-class workflow, not an exception path"
Manual validation + institutional knowledge,"Improve export fidelity for client, compliance, and leadership audiences"
Spreadsheets + checklists + templates,Prioritize fast-path intake and answer-screen workflow
Spreadsheets + checklists + templates,"Invest in permissions, logging, and governance controls"
Spreadsheets + checklists + templates,"Treat Section 87 as a first-class workflow, not an exception path"
Spreadsheets + checklists + templates,"Improve export fidelity for client, compliance, and leadership audiences"
Manual validation + institutional knowledge,"Strengthen versioning, assumptions tracking, and appendix logic"
Manual validation + institutional knowledge,"Treat Section 87 as a first-class workflow, not an exception path"
Manual validation + institutional knowledge,"Improve export fidelity for client, compliance, and leadership audiences"
Manual validation + institutional knowledge,"Treat Section 87 as a first-class workflow, not an exception path"
Manual validation + institutional knowledge,"Improve export fidelity for client, compliance, and leadership audiences"
Spreadsheets + checklists + templates,"Treat Section 87 as a first-class workflow, not an exception path"
Spreadsheets + checklists + templates,"Improve export fidelity for client, compliance, and leadership audiences"
Spreadsheet + external reporting pack,"Invest in permissions, logging, and governance controls"
Spreadsheet + external reporting pack,"Treat Section 87 as a first-class workflow, not an exception path"
Spreadsheet + external reporting pack,"Improve export fidelity for client, compliance, and leadership audiences"
Manual validation + institutional knowledge,"Treat Section 87 as a first-class workflow, not an exception path"
Manual validation + institutional knowledge,"Improve export fidelity for client, compliance, and leadership audiences"
Manual validation + institutional knowledge,"Treat Section 87 as a first-class workflow, not an exception path"
Manual validation + institutional knowledge,"Improve export fidelity for client, compliance, and leadership audiences"
Spreadsheet + external reporting pack,Prioritize fast-path intake and answer-screen workflow
Spreadsheet + external reporting pack,"Strengthen versioning, assumptions tracking, and appendix logic"
Spreadsheet + external reporting pack,"Treat Section 87 as a first-class workflow, not an exception path"
Spreadsheet + external reporting pack,"Improve export fidelity for client, compliance, and leadership audiences"
Spreadsheets + checklists + templates,"Strengthen versioning, assumptions tracking, and appendix logic"
Spreadsheets + checklists + templates,"Invest in permissions, logging, and governance controls"
Spreadsheets + checklists + templates,"Treat Section 87 as a first-class workflow, not an exception path"
Spreadsheets + checklists + templates,"Improve export fidelity for client, compliance, and leadership audiences"
Spreadsheets + checklists + templates,"Treat Section 87 as a first-class workflow, not an exception path"
Spreadsheets + checklists + templates,"Improve export fidelity for client, compliance, and leadership audiences"
Spreadsheets + checklists + templates,"Invest in permissions, logging, and governance controls"
Spreadsheets + checklists + templates,"Treat Section 87 as a first-class workflow, not an exception path"
Spreadsheets + checklists + templates,"Improve export fidelity for client, compliance, and leadership audiences"
Spreadsheets + checklists + templates,"Strengthen versioning, assumptions tracking, and appendix logic"
Spreadsheets + checklists + templates,"Treat Section 87 as a first-class workflow, not an exception path"
Spreadsheets + checklists + templates,"Improve export fidelity for client, compliance, and leadership audiences"
Spreadsheets + checklists + templates,"Strengthen versioning, assumptions tracking, and appendix logic"
Spreadsheets + checklists + templates,"Invest in permissions, logging, and governance controls"
Spreadsheets + checklists + templates,"Treat Section 87 as a first-class workflow, not an exception path"
Spreadsheets + checklists + templates,"Improve export fidelity for client, compliance, and leadership audiences"
Manual validation + institutional knowledge,"Strengthen versioning, assumptions tracking, and appendix logic"
Manual validation + institutional knowledge,"Treat Section 87 as a first-class workflow, not an exception path"
Manual validation + institutional knowledge,"Improve export fidelity for client, compliance, and leadership audiences"
Spreadsheets + checklists + templates,"Treat Section 87 as a first-class workflow, not an exception path"
Spreadsheets + checklists + templates,"Improve export fidelity for client, compliance, and leadership audiences"
Manual validation + institutional knowledge,Prioritize fast-path intake and answer-screen workflow
Manual validation + institutional knowledge,"Invest in permissions, logging, and governance controls"
Manual validation + institutional knowledge,"Treat Section 87 as a first-class workflow, not an exception path"
Manual validation + institutional knowledge,"Improve export fidelity for client, compliance, and leadership audiences"
Manual validation + institutional knowledge,"Treat Section 87 as a first-class workflow, not an exception path"
Manual validation + institutional knowledge,"Improve export fidelity for client, compliance, and leadership audiences"
Spreadsheet + external reporting pack,"Treat Section 87 as a first-class workflow, not an exception path"
Spreadsheet + external reporting pack,"Improve export fidelity for client, compliance, and leadership audiences"
Manual validation + institutional knowledge,"Treat Section 87 as a first-class workflow, not an exception path"
Manual validation + institutional knowledge,"Improve export fidelity for client, compliance, and leadership audiences"
Spreadsheets + checklists + templates,Prioritize fast-path intake and answer-screen workflow
Spreadsheets + checklists + templates,"Strengthen versioning, assumptions tracking, and appendix logic"
Spreadsheets + checklists + templates,"Treat Section 87 as a first-class workflow, not an exception path"
Spreadsheets + checklists + templates,"Improve export fidelity for client, compliance, and leadership audiences"
Manual validation + institutional knowledge,"Strengthen versioning, assumptions tracking, and appendix logic"
Manual validation + institutional knowledge,"Invest in permissions, logging, and governance controls"
Manual validation + institutional knowledge,"Treat Section 87 as a first-class workflow, not an exception path"
Manual validation + institutional knowledge,"Improve export fidelity for client, compliance, and leadership audiences"
Manual validation + institutional knowledge,Prioritize fast-path intake and answer-screen workflow
Manual validation + institutional knowledge,"Invest in permissions, logging, and governance controls"
Manual validation + institutional knowledge,"Treat Section 87 as a first-class workflow, not an exception path"
Manual validation + institutional knowledge,"Improve export fidelity for client, compliance, and leadership audiences"
Spreadsheets + checklists + templates,"Strengthen versioning, assumptions tracking, and appendix logic"
Spreadsheets + checklists + templates,"Treat Section 87 as a first-class workflow, not an exception path"
Spreadsheets + checklists + templates,"Improve export fidelity for client, compliance, and leadership audiences"
Spreadsheets + checklists + templates,"Strengthen versioning, assumptions tracking, and appendix logic"
Spreadsheets + checklists + templates,"Invest in permissions, logging, and governance controls"
Spreadsheets + checklists + templates,"Treat Section 87 as a first-class workflow, not an exception path"
Spreadsheets + checklists + templates,"Improve export fidelity for client, compliance, and leadership audiences"
Spreadsheets + checklists + templates,"Strengthen versioning, assumptions tracking, and appendix logic"
Spreadsheets + checklists + templates,"Treat Section 87 as a first-class workflow, not an exception path"
Spreadsheets + checklists + templates,"Improve export fidelity for client, compliance, and leadership audiences"
Spreadsheet + external reporting pack,"Strengthen versioning, assumptions tracking, and appendix logic"
Spreadsheet + external reporting pack,"Treat Section 87 as a first-class workflow, not an exception path"
Spreadsheet + external reporting pack,"Improve export fidelity for client, compliance, and leadership audiences"
Spreadsheets + checklists + templates,"Invest in permissions, logging, and governance controls"
Spreadsheets + checklists + templates,"Treat Section 87 as a first-class workflow, not an exception path"
Spreadsheet + external reporting pack,"Invest in permissions, logging, and governance controls"
Spreadsheet + external reporting pack,"Treat Section 87 as a first-class workflow, not an exception path"
Spreadsheet + external reporting pack,"Improve export fidelity for client, compliance, and leadership audiences"
Spreadsheets + checklists + templates,"Strengthen versioning, assumptions tracking, and appendix logic"
Spreadsheets + checklists + templates,"Invest in permissions, logging, and governance controls"
Spreadsheets + checklists + templates,"Treat Section 87 as a first-class workflow, not an exception path"
Spreadsheets + checklists + templates,"Improve export fidelity for client, compliance, and leadership audiences"
Spreadsheets + checklists + templates,"Invest in permissions, logging, and governance controls"
Spreadsheets + checklists + templates,"Treat Section 87 as a first-class workflow, not an exception path"
Manual validation + institutional knowledge,Prioritize fast-path intake and answer-screen workflow
Manual validation + institutional knowledge,"Treat Section 87 as a first-class workflow, not an exception path"
Manual validation + institutional knowledge,"Improve export fidelity for client, compliance, and leadership audiences"
Spreadsheets + checklists + templates,"Treat Section 87 as a first-class workflow, not an exception path"
Spreadsheets + checklists + templates,"Improve export fidelity for client, compliance, and leadership audiences"
Manual validation + institutional knowledge,"Strengthen versioning, assumptions tracking, and appendix logic"
Manual validation + institutional knowledge,"Treat Section 87 as a first-class workflow, not an exception path"
Manual validation + institutional knowledge,"Improve export fidelity for client, compliance, and leadership audiences"
Manual validation + institutional knowledge,Prioritize fast-path intake and answer-screen workflow
Manual validation + institutional knowledge,"Strengthen versioning, assumptions tracking, and appendix logic"
Manual validation + institutional knowledge,"Invest in permissions, logging, and governance controls"
Manual validation + institutional knowledge,"Treat Section 87 as a first-class workflow, not an exception path"
Manual validation + institutional knowledge,"Improve export fidelity for client, compliance, and leadership audiences"
Spreadsheets + checklists + templates,Prioritize fast-path intake and answer-screen workflow
Spreadsheets + checklists + templates,"Invest in permissions, logging, and governance controls"
Spreadsheets + checklists + templates,"Treat Section 87 as a first-class workflow, not an exception path"
Spreadsheets + checklists + templates,"Improve export fidelity for client, compliance, and leadership audiences"
Spreadsheets + checklists + templates,"Invest in permissions, logging, and governance controls"
Spreadsheets + checklists + templates,"Treat Section 87 as a first-class workflow, not an exception path"
Spreadsheets + checklists + templates,"Improve export fidelity for client, compliance, and leadership audiences"
Manual validation + institutional knowledge,"Strengthen versioning, assumptions tracking, and appendix logic"
Manual validation + institutional knowledge,"Treat Section 87 as a first-class workflow, not an exception path"
Manual validation + institutional knowledge,"Improve export fidelity for client, compliance, and leadership audiences"
Spreadsheets + checklists + templates,"Strengthen versioning, assumptions tracking, and appendix logic"
Spreadsheets + checklists + templates,"Invest in permissions, logging, and governance controls"
Spreadsheets + checklists + templates,"Treat Section 87 as a first-class workflow, not an exception path"
Spreadsheets + checklists + templates,"Improve export fidelity for client, compliance, and leadership audiences"
Spreadsheet + external reporting pack,Prioritize fast-path intake and answer-screen workflow
Spreadsheet + external reporting pack,"Strengthen versioning, assumptions tracking, and appendix logic"
Spreadsheet + external reporting pack,"Invest in permissions, logging, and governance controls"
Spreadsheet + external reporting pack,"Treat Section 87 as a first-class workflow, not an exception path"
Spreadsheet + external reporting pack,"Improve export fidelity for client, compliance, and leadership audiences"
Manual validation + institutional knowledge,"Strengthen versioning, assumptions tracking, and appendix logic"
Manual validation + institutional knowledge,"Treat Section 87 as a first-class workflow, not an exception path"
Manual validation + institutional knowledge,"Improve export fidelity for client, compliance, and leadership audiences"
Spreadsheet + external reporting pack,Prioritize fast-path intake and answer-screen workflow
Spreadsheet + external reporting pack,"Strengthen versioning, assumptions tracking, and appendix logic"
Spreadsheet + external reporting pack,"Treat Section 87 as a first-class workflow, not an exception path"
Spreadsheet + external reporting pack,"Improve export fidelity for client, compliance, and leadership audiences"
Manual validation + institutional knowledge,Prioritize fast-path intake and answer-screen workflow
Manual validation + institutional knowledge,"Invest in permissions, logging, and governance controls"
Manual validation + institutional knowledge,"Treat Section 87 as a first-class workflow, not an exception path"
Manual validation + institutional knowledge,"Improve export fidelity for client, compliance, and leadership audiences"
Spreadsheets + checklists + templates,Prioritize fast-path intake and answer-screen workflow
Spreadsheets + checklists + templates,"Strengthen versioning, assumptions tracking, and appendix logic"
Spreadsheets + checklists + templates,"Invest in permissions, logging, and governance controls"
Spreadsheets + checklists + templates,"Treat Section 87 as a first-class workflow, not an exception path"
Spreadsheets + checklists + templates,"Improve export fidelity for client, compliance, and leadership audiences"
Spreadsheets + checklists + templates,"Strengthen versioning, assumptions tracking, and appendix logic"
Spreadsheets + checklists + templates,"Invest in permissions, logging, and governance controls"
Spreadsheets + checklists + templates,"Treat Section 87 as a first-class workflow, not an exception path"
Spreadsheets + checklists + templates,"Improve export fidelity for client, compliance, and leadership audiences"
Manual validation + institutional knowledge,"Strengthen versioning, assumptions tracking, and appendix logic"
Manual validation + institutional knowledge,"Invest in permissions, logging, and governance controls"
Manual validation + institutional knowledge,"Treat Section 87 as a first-class workflow, not an exception path"
Manual validation + institutional knowledge,"Improve export fidelity for client, compliance, and leadership audiences"
Spreadsheets + checklists + templates,"Invest in permissions, logging, and governance controls"
Spreadsheets + checklists + templates,"Treat Section 87 as a first-class workflow, not an exception path"
Spreadsheets + checklists + templates,"Improve export fidelity for client, compliance, and leadership audiences"
Manual validation + institutional knowledge,Prioritize fast-path intake and answer-screen workflow
Manual validation + institutional knowledge,"Treat Section 87 as a first-class workflow, not an exception path"
Manual validation + institutional knowledge,"Improve export fidelity for client, compliance, and leadership audiences"
Spreadsheets + checklists + templates,"Invest in permissions, logging, and governance controls"
Spreadsheets + checklists + templates,"Treat Section 87 as a first-class workflow, not an exception path"
Spreadsheets + checklists + templates,"Improve export fidelity for client, compliance, and leadership audiences"
Manual validation + institutional knowledge,"Strengthen versioning, assumptions tracking, and appendix logic"
Manual validation + institutional knowledge,"Invest in permissions, logging, and governance controls"
Manual validation + institutional knowledge,"Treat Section 87 as a first-class workflow, not an exception path"
Manual validation + institutional knowledge,"Improve export fidelity for client, compliance, and leadership audiences"
Spreadsheets + checklists + templates,Prioritize fast-path intake and answer-screen workflow
Spreadsheets + checklists + templates,"Strengthen versioning, assumptions tracking, and appendix logic"
Spreadsheets + checklists + templates,"Treat Section 87 as a first-class workflow, not an exception path"
Spreadsheets + checklists + templates,"Improve export fidelity for client, compliance, and leadership audiences"
Spreadsheets + checklists + templates,"Treat Section 87 as a first-class workflow, not an exception path"
Spreadsheets + checklists + templates,"Improve export fidelity for client, compliance, and leadership audiences"
Spreadsheet + external reporting pack,"Strengthen versioning, assumptions tracking, and appendix logic"
Spreadsheet + external reporting pack,"Invest in permissions, logging, and governance controls"
Spreadsheet + external reporting pack,"Treat Section 87 as a first-class workflow, not an exception path"
Spreadsheet + external reporting pack,"Improve export fidelity for client, compliance, and leadership audiences"
Spreadsheets + checklists + templates,"Invest in permissions, logging, and governance controls"
Spreadsheets + checklists + templates,"Treat Section 87 as a first-class workflow, not an exception path"
Spreadsheets + checklists + templates,"Treat Section 87 as a first-class workflow, not an exception path"
Manual validation + institutional knowledge,Prioritize fast-path intake and answer-screen workflow
Manual validation + institutional knowledge,"Invest in permissions, logging, and governance controls"
Manual validation + institutional knowledge,"Treat Section 87 as a first-class workflow, not an exception path"
Manual validation + institutional knowledge,"Improve export fidelity for client, compliance, and leadership audiences"
Spreadsheets + checklists + templates,"Invest in permissions, logging, and governance controls"
Spreadsheets + checklists + templates,"Treat Section 87 as a first-class workflow, not an exception path"
Spreadsheets + checklists + templates,"Improve export fidelity for client, compliance, and leadership audiences"
Spreadsheets + checklists + templates,"Invest in permissions, logging, and governance controls"
Spreadsheets + checklists + templates,"Treat Section 87 as a first-class workflow, not an exception path"
Spreadsheets + checklists + templates,"Improve export fidelity for client, compliance, and leadership audiences"
Spreadsheet + external reporting pack,Prioritize fast-path intake and answer-screen workflow
Spreadsheet + external reporting pack,"Treat Section 87 as a first-class workflow, not an exception path"
Spreadsheet + external reporting pack,"Improve export fidelity for client, compliance, and leadership audiences"
Spreadsheets + checklists + templates,"Strengthen versioning, assumptions tracking, and appendix logic"
Spreadsheets + checklists + templates,"Treat Section 87 as a first-class workflow, not an exception path"
Spreadsheets + checklists + templates,"Improve export fidelity for client, compliance, and leadership audiences"
Manual validation + institutional knowledge,"Strengthen versioning, assumptions tracking, and appendix logic"
Manual validation + institutional knowledge,"Invest in permissions, logging, and governance controls"
Manual validation + institutional knowledge,"Treat Section 87 as a first-class workflow, not an exception path"
Manual validation + institutional knowledge,"Improve export fidelity for client, compliance, and leadership audiences"
Spreadsheets + checklists + templates,"Treat Section 87 as a first-class workflow, not an exception path"
Spreadsheets + checklists + templates,"Improve export fidelity for client, compliance, and leadership audiences"
Spreadsheets + checklists + templates,"Treat Section 87 as a first-class workflow, not an exception path"
Spreadsheets + checklists + templates,"Improve export fidelity for client, compliance, and leadership audiences"
Manual validation + institutional knowledge,"Strengthen versioning, assumptions tracking, and appendix logic"
Manual validation + institutional knowledge,"Invest in permissions, logging, and governance controls"
Manual validation + institutional knowledge,"Treat Section 87 as a first-class workflow, not an exception path"
Spreadsheets + checklists + templates,"Strengthen versioning, assumptions tracking, and appendix logic"
Spreadsheets + checklists + templates,"Treat Section 87 as a first-class workflow, not an exception path"
Spreadsheets + checklists + templates,"Improve export fidelity for client, compliance, and leadership audiences"
Spreadsheets + checklists + templates,"Treat Section 87 as a first-class workflow, not an exception path"
Spreadsheets + checklists + templates,"Improve export fidelity for client, compliance, and leadership audiences"
Spreadsheets + checklists + templates,"Invest in permissions, logging, and governance controls"
Spreadsheets + checklists + templates,"Treat Section 87 as a first-class workflow, not an exception path"
Spreadsheets + checklists + templates,"Invest in permissions, logging, and governance controls"
Spreadsheets + checklists + templates,"Treat Section 87 as a first-class workflow, not an exception path"
Spreadsheets + checklists + templates,"Improve export fidelity for client, compliance, and leadership audiences"
Spreadsheet + external reporting pack,"Invest in permissions, logging, and governance controls"
Spreadsheet + external reporting pack,"Treat Section 87 as a first-class workflow, not an exception path"
Spreadsheet + external reporting pack,Prioritize fast-path intake and answer-screen workflow
Spreadsheet + external reporting pack,"Strengthen versioning, assumptions tracking, and appendix logic"
Spreadsheet + external reporting pack,"Treat Section 87 as a first-class workflow, not an exception path"
Spreadsheet + external reporting pack,"Improve export fidelity for client, compliance, and leadership audiences"
Spreadsheet + external reporting pack,"Strengthen versioning, assumptions tracking, and appendix logic"
Spreadsheet + external reporting pack,"Treat Section 87 as a first-class workflow, not an exception path"
Spreadsheet + external reporting pack,"Improve export fidelity for client, compliance, and leadership audiences"
Manual validation + institutional knowledge,"Treat Section 87 as a first-class workflow, not an exception path"
Manual validation + institutional knowledge,"Improve export fidelity for client, compliance, and leadership audiences"
Spreadsheets + checklists + templates,Prioritize fast-path intake and answer-screen workflow
Spreadsheets + checklists + templates,"Treat Section 87 as a first-class workflow, not an exception path"
Spreadsheets + checklists + templates,"Improve export fidelity for client, compliance, and leadership audiences"
Spreadsheet + external reporting pack,"Treat Section 87 as a first-class workflow, not an exception path"
Spreadsheet + external reporting pack,"Improve export fidelity for client, compliance, and leadership audiences"
Spreadsheet + external reporting pack,"Strengthen versioning, assumptions tracking, and appendix logic"
Spreadsheet + external reporting pack,"Treat Section 87 as a first-class workflow, not an exception path"
Spreadsheet + external reporting pack,"Improve export fidelity for client, compliance, and leadership audiences"
Spreadsheet + external reporting pack,"Invest in permissions, logging, and governance controls"
Spreadsheet + external reporting pack,"Treat Section 87 as a first-class workflow, not an exception path"
Spreadsheets + checklists + templates,Prioritize fast-path intake and answer-screen workflow
Spreadsheets + checklists + templates,"Treat Section 87 as a first-class workflow, not an exception path"
Spreadsheets + checklists + templates,"Improve export fidelity for client, compliance, and leadership audiences"
Spreadsheets + checklists + templates,"Invest in permissions, logging, and governance controls"
Spreadsheets + checklists + templates,"Treat Section 87 as a first-class workflow, not an exception path"
Spreadsheets + checklists + templates,"Improve export fidelity for client, compliance, and leadership audiences"
Spreadsheets + checklists + templates,Prioritize fast-path intake and answer-screen workflow
Spreadsheets + checklists + templates,"Strengthen versioning, assumptions tracking, and appendix logic"
Spreadsheets + checklists + templates,"Treat Section 87 as a first-class workflow, not an exception path"
Spreadsheets + checklists + templates,"Improve export fidelity for client, compliance, and leadership audiences"
Manual validation + institutional knowledge,"Invest in permissions, logging, and governance controls"
Manual validation + institutional knowledge,"Treat Section 87 as a first-class workflow, not an exception path"
Spreadsheets + checklists + templates,"Invest in permissions, logging, and governance controls"
Spreadsheets + checklists + templates,"Treat Section 87 as a first-class workflow, not an exception path"
Spreadsheets + checklists + templates,"Improve export fidelity for client, compliance, and leadership audiences"
Spreadsheet + external reporting pack,"Treat Section 87 as a first-class workflow, not an exception path"
Spreadsheet + external reporting pack,"Improve export fidelity for client, compliance, and leadership audiences"
Manual validation + institutional knowledge,"Treat Section 87 as a first-class workflow, not an exception path"
Manual validation + institutional knowledge,"Improve export fidelity for client, compliance, and leadership audiences"
Manual validation + institutional knowledge,Prioritize fast-path intake and answer-screen workflow
Manual validation + institutional knowledge,"Strengthen versioning, assumptions tracking, and appendix logic"
Manual validation + institutional knowledge,"Invest in permissions, logging, and governance controls"
Manual validation + institutional knowledge,"Treat Section 87 as a first-class workflow, not an exception path"
Manual validation + institutional knowledge,"Improve export fidelity for client, compliance, and leadership audiences"
Manual validation + institutional knowledge,"Strengthen versioning, assumptions tracking, and appendix logic"
Manual validation + institutional knowledge,"Treat Section 87 as a first-class workflow, not an exception path"
Manual validation + institutional knowledge,"Improve export fidelity for client, compliance, and leadership audiences"
Spreadsheets + checklists + templates,Prioritize fast-path intake and answer-screen workflow
Spreadsheets + checklists + templates,"Strengthen versioning, assumptions tracking, and appendix logic"
Spreadsheets + checklists + templates,"Treat Section 87 as a first-class workflow, not an exception path"
Spreadsheets + checklists + templates,"Improve export fidelity for client, compliance, and leadership audiences"
Spreadsheets + checklists + templates,"Strengthen versioning, assumptions tracking, and appendix logic"
Spreadsheets + checklists + templates,"Invest in permissions, logging, and governance controls"
Spreadsheets + checklists + templates,"Treat Section 87 as a first-class workflow, not an exception path"
Spreadsheets + checklists + templates,"Improve export fidelity for client, compliance, and leadership audiences"
Manual validation + institutional knowledge,"Strengthen versioning, assumptions tracking, and appendix logic"
Manual validation + institutional knowledge,"Treat Section 87 as a first-class workflow, not an exception path"
Manual validation + institutional knowledge,"Improve export fidelity for client, compliance, and leadership audiences"
Spreadsheets + checklists + templates,"Treat Section 87 as a first-class workflow, not an exception path"
Spreadsheets + checklists + templates,"Improve export fidelity for client, compliance, and leadership audiences"
Spreadsheets + checklists + templates,"Strengthen versioning, assumptions tracking, and appendix logic"
Spreadsheets + checklists + templates,"Invest in permissions, logging, and governance controls"
Spreadsheets + checklists + templates,"Treat Section 87 as a first-class workflow, not an exception path"
Spreadsheets + checklists + templates,"Improve export fidelity for client, compliance, and leadership audiences"
Spreadsheets + checklists + templates,"Strengthen versioning, assumptions tracking, and appendix logic"
Spreadsheets + checklists + templates,"Treat Section 87 as a first-class workflow, not an exception path"
Spreadsheets + checklists + templates,"Improve export fidelity for client, compliance, and leadership audiences"
Spreadsheets + checklists + templates,"Strengthen versioning, assumptions tracking, and appendix logic"
Spreadsheets + checklists + templates,"Treat Section 87 as a first-class workflow, not an exception path"
Spreadsheets + checklists + templates,"Improve export fidelity for client, compliance, and leadership audiences"
Manual validation + institutional knowledge,"Treat Section 87 as a first-class workflow, not an exception path"
Manual validation + institutional knowledge,"Improve export fidelity for client, compliance, and leadership audiences"
Spreadsheets + checklists + templates,"Strengthen versioning, assumptions tracking, and appendix logic"
Spreadsheets + checklists + templates,"Treat Section 87 as a first-class workflow, not an exception path"
Spreadsheets + checklists + templates,"Improve export fidelity for client, compliance, and leadership audiences"
Spreadsheets + checklists + templates,"Strengthen versioning, assumptions tracking, and appendix logic"
Spreadsheets + checklists + templates,"Invest in permissions, logging, and governance controls"
Spreadsheets + checklists + templates,"Treat Section 87 as a first-class workflow, not an exception path"
Spreadsheets + checklists + templates,"Improve export fidelity for client, compliance, and leadership audiences"
Manual validation + institutional knowledge,"Strengthen versioning, assumptions tracking, and appendix logic"
Manual validation + institutional knowledge,"Invest in permissions, logging, and governance controls"
Manual validation + institutional knowledge,"Treat Section 87 as a first-class workflow, not an exception path"
Manual validation + institutional knowledge,"Improve export fidelity for client, compliance, and leadership audiences"
Manual validation + institutional knowledge,"Strengthen versioning, assumptions tracking, and appendix logic"
Manual validation + institutional knowledge,"Treat Section 87 as a first-class workflow, not an exception path"
Manual validation + institutional knowledge,"Improve export fidelity for client, compliance, and leadership audiences"
Spreadsheet + external reporting pack,"Invest in permissions, logging, and governance controls"
Spreadsheet + external reporting pack,"Treat Section 87 as a first-class workflow, not an exception path"
Spreadsheet + external reporting pack,"Improve export fidelity for client, compliance, and leadership audiences"
Manual validation + institutional knowledge,"Strengthen versioning, assumptions tracking, and appendix logic"
Manual validation + institutional knowledge,"Invest in permissions, logging, and governance controls"
Manual validation + institutional knowledge,"Treat Section 87 as a first-class workflow, not an exception path"
Manual validation + institutional knowledge,"Improve export fidelity for client, compliance, and leadership audiences"
Spreadsheets + checklists + templates,"Strengthen versioning, assumptions tracking, and appendix logic"
Spreadsheets + checklists + templates,"Invest in permissions, logging, and governance controls"
Spreadsheets + checklists + templates,"Treat Section 87 as a first-class workflow, not an exception path"
Spreadsheets + checklists + templates,"Improve export fidelity for client, compliance, and leadership audiences"
Spreadsheet + external reporting pack,"Strengthen versioning, assumptions tracking, and appendix logic"
Spreadsheet + external reporting pack,"Invest in permissions, logging, and governance controls"
Spreadsheet + external reporting pack,"Treat Section 87 as a first-class workflow, not an exception path"
Spreadsheet + external reporting pack,"Improve export fidelity for client, compliance, and leadership audiences"
Manual validation + institutional knowledge,Prioritize fast-path intake and answer-screen workflow
Manual validation + institutional knowledge,"Strengthen versioning, assumptions tracking, and appendix logic"
Manual validation + institutional knowledge,"Invest in permissions, logging, and governance controls"
Manual validation + institutional knowledge,"Treat Section 87 as a first-class workflow, not an exception path"
Manual validation + institutional knowledge,"Improve export fidelity for client, compliance, and leadership audiences"
Manual validation + institutional knowledge,"Invest in permissions, logging, and governance controls"
Manual validation + institutional knowledge,"Treat Section 87 as a first-class workflow, not an exception path"
Spreadsheet + external reporting pack,Prioritize fast-path intake and answer-screen workflow
Spreadsheet + external reporting pack,"Treat Section 87 as a first-class workflow, not an exception path"
Spreadsheet + external reporting pack,"Improve export fidelity for client, compliance, and leadership audiences"
Spreadsheets + checklists + templates,Prioritize fast-path intake and answer-screen workflow
Spreadsheets + checklists + templates,"Treat Section 87 as a first-class workflow, not an exception path"
Spreadsheets + checklists + templates,"Improve export fidelity for client, compliance, and leadership audiences"
Spreadsheet + external reporting pack,Prioritize fast-path intake and answer-screen workflow
Spreadsheet + external reporting pack,"Strengthen versioning, assumptions tracking, and appendix logic"
Spreadsheet + external reporting pack,"Invest in permissions, logging, and governance controls"
Spreadsheet + external reporting pack,"Treat Section 87 as a first-class workflow, not an exception path"
Spreadsheet + external reporting pack,"Improve export fidelity for client, compliance, and leadership audiences"
Spreadsheet + external reporting pack,"Strengthen versioning, assumptions tracking, and appendix logic"
Spreadsheet + external reporting pack,"Invest in permissions, logging, and governance controls"
Spreadsheet + external reporting pack,"Treat Section 87 as a first-class workflow, not an exception path"
Spreadsheet + external reporting pack,"Improve export fidelity for client, compliance, and leadership audiences"
Spreadsheets + checklists + templates,"Strengthen versioning, assumptions tracking, and appendix logic"
Spreadsheets + checklists + templates,"Treat Section 87 as a first-class workflow, not an exception path"
Spreadsheets + checklists + templates,"Improve export fidelity for client, compliance, and leadership audiences"
Manual validation + institutional knowledge,Prioritize fast-path intake and answer-screen workflow
Manual validation + institutional knowledge,"Invest in permissions, logging, and governance controls"
Manual validation + institutional knowledge,"Treat Section 87 as a first-class workflow, not an exception path"
Manual validation + institutional knowledge,"Improve export fidelity for client, compliance, and leadership audiences"
Spreadsheet + external reporting pack,"Treat Section 87 as a first-class workflow, not an exception path"
Spreadsheet + external reporting pack,"Improve export fidelity for client, compliance, and leadership audiences"
Spreadsheets + checklists + templates,"Invest in permissions, logging, and governance controls"
Spreadsheets + checklists + templates,"Treat Section 87 as a first-class workflow, not an exception path"
Spreadsheets + checklists + templates,"Improve export fidelity for client, compliance, and leadership audiences"
Spreadsheets + checklists + templates,"Treat Section 87 as a first-class workflow, not an exception path"
Spreadsheets + checklists + templates,"Improve export fidelity for client, compliance, and leadership audiences"
Spreadsheets + checklists + templates,"Strengthen versioning, assumptions tracking, and appendix logic"
Spreadsheets + checklists + templates,"Invest in permissions, logging, and governance controls"
Spreadsheets + checklists + templates,"Treat Section 87 as a first-class workflow, not an exception path"
Spreadsheets + checklists + templates,"Improve export fidelity for client, compliance, and leadership audiences"
Manual validation + institutional knowledge,Prioritize fast-path intake and answer-screen workflow
Manual validation + institutional knowledge,"Invest in permissions, logging, and governance controls"
Manual validation + institutional knowledge,"Treat Section 87 as a first-class workflow, not an exception path"
Manual validation + institutional knowledge,"Improve export fidelity for client, compliance, and leadership audiences"
Spreadsheets + checklists + templates,Prioritize fast-path intake and answer-screen workflow
Spreadsheets + checklists + templates,"Invest in permissions, logging, and governance controls"
Spreadsheets + checklists + templates,"Treat Section 87 as a first-class workflow, not an exception path"
Spreadsheets + checklists + templates,"Improve export fidelity for client, compliance, and leadership audiences"
Spreadsheets + checklists + templates,"Strengthen versioning, assumptions tracking, and appendix logic"
Spreadsheets + checklists + templates,"Treat Section 87 as a first-class workflow, not an exception path"
Spreadsheets + checklists + templates,"Improve export fidelity for client, compliance, and leadership audiences"
Manual validation + institutional knowledge,"Invest in permissions, logging, and governance controls"
Manual validation + institutional knowledge,"Treat Section 87 as a first-class workflow, not an exception path"
Manual validation + institutional knowledge,"Improve export fidelity for client, compliance, and leadership audiences"
Spreadsheets + checklists + templates,Prioritize fast-path intake and answer-screen workflow
Spreadsheets + checklists + templates,"Treat Section 87 as a first-class workflow, not an exception path"
Spreadsheets + checklists + templates,"Improve export fidelity for client, compliance, and leadership audiences"
Manual validation + institutional knowledge,"Invest in permissions, logging, and governance controls"
Manual validation + institutional knowledge,"Treat Section 87 as a first-class workflow, not an exception path"
Manual validation + institutional knowledge,Prioritize fast-path intake and answer-screen workflow
Manual validation + institutional knowledge,"Strengthen versioning, assumptions tracking, and appendix logic"
Manual validation + institutional knowledge,"Treat Section 87 as a first-class workflow, not an exception path"
Manual validation + institutional knowledge,"Improve export fidelity for client, compliance, and leadership audiences"
Spreadsheets + checklists + templates,"Strengthen versioning, assumptions tracking, and appendix logic"
Spreadsheets + checklists + templates,"Invest in permissions, logging, and governance controls"
Spreadsheets + checklists + templates,"Treat Section 87 as a first-class workflow, not an exception path"
Spreadsheets + checklists + templates,"Improve export fidelity for client, compliance, and leadership audiences"
Spreadsheets + checklists + templates,"Strengthen versioning, assumptions tracking, and appendix logic"
Spreadsheets + checklists + templates,"Invest in permissions, logging, and governance controls"
Spreadsheets + checklists + templates,"Treat Section 87 as a first-class workflow, not an exception path"
Spreadsheets + checklists + templates,"Improve export fidelity for client, compliance, and leadership audiences"
Spreadsheet + external reporting pack,"Invest in permissions, logging, and governance controls"
Spreadsheet + external reporting pack,"Treat Section 87 as a first-class workflow, not an exception path"
Spreadsheet + external reporting pack,"Improve export fidelity for client, compliance, and leadership audiences"
Spreadsheet + external reporting pack,"Strengthen versioning, assumptions tracking, and appendix logic"
Spreadsheet + external reporting pack,"Treat Section 87 as a first-class workflow, not an exception path"
Spreadsheet + external reporting pack,"Improve export fidelity for client, compliance, and leadership audiences"
Spreadsheets + checklists + templates,"Strengthen versioning, assumptions tracking, and appendix logic"
Spreadsheets + checklists + templates,"Treat Section 87 as a first-class workflow, not an exception path"
Spreadsheets + checklists + templates,"Improve export fidelity for client, compliance, and leadership audiences"
Spreadsheets + checklists + templates,"Strengthen versioning, assumptions tracking, and appendix logic"
Spreadsheets + checklists + templates,"Treat Section 87 as a first-class workflow, not an exception path"
Spreadsheets + checklists + templates,"Improve export fidelity for client, compliance, and leadership audiences"
Spreadsheets + checklists + templates,Prioritize fast-path intake and answer-screen workflow
Spreadsheets + checklists + templates,"Strengthen versioning, assumptions tracking, and appendix logic"
Spreadsheets + checklists + templates,"Invest in permissions, logging, and governance controls"
Spreadsheets + checklists + templates,"Treat Section 87 as a first-class workflow, not an exception path"
Spreadsheets + checklists + templates,"Improve export fidelity for client, compliance, and leadership audiences"
Manual validation + institutional knowledge,"Invest in permissions, logging, and governance controls"
Manual validation + institutional knowledge,"Treat Section 87 as a first-class workflow, not an exception path"
Manual validation + institutional knowledge,"Improve export fidelity for client, compliance, and leadership audiences"
Spreadsheets + checklists + templates,"Strengthen versioning, assumptions tracking, and appendix logic"
Spreadsheets + checklists + templates,"Treat Section 87 as a first-class workflow, not an exception path"
Spreadsheets + checklists + templates,"Improve export fidelity for client, compliance, and leadership audiences"
Manual validation + institutional knowledge,Prioritize fast-path intake and answer-screen workflow
Manual validation + institutional knowledge,"Strengthen versioning, assumptions tracking, and appendix logic"
Manual validation + institutional knowledge,"Treat Section 87 as a first-class workflow, not an exception path"
Manual validation + institutional knowledge,"Improve export fidelity for client, compliance, and leadership audiences"
Manual validation + institutional knowledge,"Treat Section 87 as a first-class workflow, not an exception path"
Spreadsheets + checklists + templates,"Invest in permissions, logging, and governance controls"
Spreadsheets + checklists + templates,"Treat Section 87 as a first-class workflow, not an exception path"
Manual validation + institutional knowledge,"Treat Section 87 as a first-class workflow, not an exception path"
Manual validation + institutional knowledge,"Improve export fidelity for client, compliance, and leadership audiences"
Spreadsheets + checklists + templates,"Strengthen versioning, assumptions tracking, and appendix logic"
Spreadsheets + checklists + templates,"Treat Section 87 as a first-class workflow, not an exception path"
Spreadsheets + checklists + templates,"Improve export fidelity for client, compliance, and leadership audiences"
Manual validation + institutional knowledge,"Treat Section 87 as a first-class workflow, not an exception path"
Spreadsheets + checklists + templates,"Strengthen versioning, assumptions tracking, and appendix logic"
Spreadsheets + checklists + templates,"Invest in permissions, logging, and governance controls"
Spreadsheets + checklists + templates,"Treat Section 87 as a first-class workflow, not an exception path"
Spreadsheets + checklists + templates,"Improve export fidelity for client, compliance, and leadership audiences"
Manual validation + institutional knowledge,"Strengthen versioning, assumptions tracking, and appendix logic"
Manual validation + institutional knowledge,"Invest in permissions, logging, and governance controls"
Manual validation + institutional knowledge,"Treat Section 87 as a first-class workflow, not an exception path"
Manual validation + institutional knowledge,"Improve export fidelity for client, compliance, and leadership audiences"
Spreadsheets + checklists + templates,"Invest in permissions, logging, and governance controls"
Spreadsheets + checklists + templates,"Treat Section 87 as a first-class workflow, not an exception path"
Spreadsheets + checklists + templates,"Improve export fidelity for client, compliance, and leadership audiences"
Spreadsheets + checklists + templates,"Strengthen versioning, assumptions tracking, and appendix logic"
Spreadsheets + checklists + templates,"Invest in permissions, logging, and governance controls"
Spreadsheets + checklists + templates,"Treat Section 87 as a first-class workflow, not an exception path"
Spreadsheets + checklists + templates,"Improve export fidelity for client, compliance, and leadership audiences"
Spreadsheets + checklists + templates,"Strengthen versioning, assumptions tracking, and appendix logic"
Spreadsheets + checklists + templates,"Treat Section 87 as a first-class workflow, not an exception path"
Spreadsheets + checklists + templates,"Improve export fidelity for client, compliance, and leadership audiences"
Spreadsheets + checklists + templates,"Treat Section 87 as a first-class workflow, not an exception path"
Spreadsheets + checklists + templates,"Improve export fidelity for client, compliance, and leadership audiences"
Spreadsheet + external reporting pack,Prioritize fast-path intake and answer-screen workflow
Spreadsheet + external reporting pack,"Treat Section 87 as a first-class workflow, not an exception path"
Spreadsheets + checklists + templates,Prioritize fast-path intake and answer-screen workflow
Spreadsheets + checklists + templates,"Treat Section 87 as a first-class workflow, not an exception path"
Spreadsheets + checklists + templates,"Improve export fidelity for client, compliance, and leadership audiences"
Manual validation + institutional knowledge,"Strengthen versioning, assumptions tracking, and appendix logic"
Manual validation + institutional knowledge,"Invest in permissions, logging, and governance controls"
Manual validation + institutional knowledge,"Treat Section 87 as a first-class workflow, not an exception path"
Manual validation + institutional knowledge,"Improve export fidelity for client, compliance, and leadership audiences"
Spreadsheets + checklists + templates,Prioritize fast-path intake and answer-screen workflow
Spreadsheets + checklists + templates,"Invest in permissions, logging, and governance controls"
Spreadsheets + checklists + templates,"Treat Section 87 as a first-class workflow, not an exception path"
Spreadsheets + checklists + templates,"Improve export fidelity for client, compliance, and leadership audiences"
Spreadsheets + checklists + templates,"Invest in permissions, logging, and governance controls"
Spreadsheets + checklists + templates,"Treat Section 87 as a first-class workflow, not an exception path"
Manual validation + institutional knowledge,Prioritize fast-path intake and answer-screen workflow
Manual validation + institutional knowledge,"Strengthen versioning, assumptions tracking, and appendix logic"
Manual validation + institutional knowledge,"Invest in permissions, logging, and governance controls"
Manual validation + institutional knowledge,"Treat Section 87 as a first-class workflow, not an exception path"
Manual validation + institutional knowledge,"Improve export fidelity for client, compliance, and leadership audiences"
Manual validation + institutional knowledge,"Strengthen versioning, assumptions tracking, and appendix logic"
Manual validation + institutional knowledge,"Invest in permissions, logging, and governance controls"
Manual validation + institutional knowledge,"Treat Section 87 as a first-class workflow, not an exception path"
Manual validation + institutional knowledge,"Improve export fidelity for client, compliance, and leadership audiences"
Spreadsheets + checklists + templates,"Strengthen versioning, assumptions tracking, and appendix logic"
Spreadsheets + checklists + templates,"Treat Section 87 as a first-class workflow, not an exception path"
Spreadsheets + checklists + templates,"Improve export fidelity for client, compliance, and leadership audiences"
Manual validation + institutional knowledge,"Strengthen versioning, assumptions tracking, and appendix logic"
Manual validation + institutional knowledge,"Invest in permissions, logging, and governance controls"
Manual validation + institutional knowledge,"Treat Section 87 as a first-class workflow, not an exception path"
Manual validation + institutional knowledge,"Improve export fidelity for client, compliance, and leadership audiences"
Spreadsheets + checklists + templates,Prioritize fast-path intake and answer-screen workflow
Spreadsheets + checklists + templates,"Invest in permissions, logging, and governance controls"
Spreadsheets + checklists + templates,"Treat Section 87 as a first-class workflow, not an exception path"
Spreadsheets + checklists + templates,"Improve export fidelity for client, compliance, and leadership audiences"
Spreadsheets + checklists + templates,Prioritize fast-path intake and answer-screen workflow
Spreadsheets + checklists + templates,"Invest in permissions, logging, and governance controls"
Spreadsheets + checklists + templates,"Treat Section 87 as a first-class workflow, not an exception path"
Spreadsheets + checklists + templates,"Improve export fidelity for client, compliance, and leadership audiences"
Spreadsheet + external reporting pack,Prioritize fast-path intake and answer-screen workflow
Spreadsheet + external reporting pack,"Strengthen versioning, assumptions tracking, and appendix logic"
Spreadsheet + external reporting pack,"Invest in permissions, logging, and governance controls"
Spreadsheet + external reporting pack,"Treat Section 87 as a first-class workflow, not an exception path"
Spreadsheet + external reporting pack,"Improve export fidelity for client, compliance, and leadership audiences"
Manual validation + institutional knowledge,"Strengthen versioning, assumptions tracking, and appendix logic"
Manual validation + institutional knowledge,"Treat Section 87 as a first-class workflow, not an exception path"
Manual validation + institutional knowledge,"Improve export fidelity for client, compliance, and leadership audiences"
Spreadsheets + checklists + templates,"Treat Section 87 as a first-class workflow, not an exception path"
Spreadsheets + checklists + templates,"Improve export fidelity for client, compliance, and leadership audiences"
Spreadsheets + checklists + templates,"Treat Section 87 as a first-class workflow, not an exception path"
Spreadsheets + checklists + templates,"Improve export fidelity for client, compliance, and leadership audiences"
Spreadsheets + checklists + templates,"Strengthen versioning, assumptions tracking, and appendix logic"
Spreadsheets + checklists + templates,"Treat Section 87 as a first-class workflow, not an exception path"
Spreadsheets + checklists + templates,"Improve export fidelity for client, compliance, and leadership audiences"
Manual validation + institutional knowledge,"Strengthen versioning, assumptions tracking, and appendix logic"
Manual validation + institutional knowledge,"Treat Section 87 as a first-class workflow, not an exception path"
Manual validation + institutional knowledge,"Improve export fidelity for client, compliance, and leadership audiences"
Spreadsheets + checklists + templates,Prioritize fast-path intake and answer-screen workflow
Spreadsheets + checklists + templates,"Invest in permissions, logging, and governance controls"
Spreadsheets + checklists + templates,"Treat Section 87 as a first-class workflow, not an exception path"
Spreadsheets + checklists + templates,"Improve export fidelity for client, compliance, and leadership audiences"
Spreadsheets + checklists + templates,"Strengthen versioning, assumptions tracking, and appendix logic"
Spreadsheets + checklists + templates,"Treat Section 87 as a first-class workflow, not an exception path"
Spreadsheets + checklists + templates,"Improve export fidelity for client, compliance, and leadership audiences"
Spreadsheets + checklists + templates,"Treat Section 87 as a first-class workflow, not an exception path"
Spreadsheets + checklists + templates,"Improve export fidelity for client, compliance, and leadership audiences"
Spreadsheet + external reporting pack,Prioritize fast-path intake and answer-screen workflow
Spreadsheet + external reporting pack,"Treat Section 87 as a first-class workflow, not an exception path"
Manual validation + institutional knowledge,"Strengthen versioning, assumptions tracking, and appendix logic"
Manual validation + institutional knowledge,"Treat Section 87 as a first-class workflow, not an exception path"
Manual validation + institutional knowledge,"Improve export fidelity for client, compliance, and leadership audiences"
Spreadsheet + external reporting pack,"Strengthen versioning, assumptions tracking, and appendix logic"
Spreadsheet + external reporting pack,"Treat Section 87 as a first-class workflow, not an exception path"
Spreadsheet + external reporting pack,"Improve export fidelity for client, compliance, and leadership audiences"
Spreadsheet + external reporting pack,Prioritize fast-path intake and answer-screen workflow
Spreadsheet + external reporting pack,"Treat Section 87 as a first-class workflow, not an exception path"
Spreadsheet + external reporting pack,"Improve export fidelity for client, compliance, and leadership audiences"
Spreadsheets + checklists + templates,Prioritize fast-path intake and answer-screen workflow
Spreadsheets + checklists + templates,"Invest in permissions, logging, and governance controls"
Spreadsheets + checklists + templates,"Treat Section 87 as a first-class workflow, not an exception path"
Spreadsheets + checklists + templates,"Improve export fidelity for client, compliance, and leadership audiences"
Spreadsheets + checklists + templates,"Strengthen versioning, assumptions tracking, and appendix logic"
Spreadsheets + checklists + templates,"Treat Section 87 as a first-class workflow, not an exception path"
Spreadsheets + checklists + templates,"Improve export fidelity for client, compliance, and leadership audiences"
Manual validation + institutional knowledge,Prioritize fast-path intake and answer-screen workflow
Manual validation + institutional knowledge,"Treat Section 87 as a first-class workflow, not an exception path"
Manual validation + institutional knowledge,"Improve export fidelity for client, compliance, and leadership audiences"
Manual validation + institutional knowledge,"Strengthen versioning, assumptions tracking, and appendix logic"
Manual validation + institutional knowledge,"Treat Section 87 as a first-class workflow, not an exception path"
Manual validation + institutional knowledge,"Improve export fidelity for client, compliance, and leadership audiences"
Manual validation + institutional knowledge,Prioritize fast-path intake and answer-screen workflow
Manual validation + institutional knowledge,"Strengthen versioning, assumptions tracking, and appendix logic"
Manual validation + institutional knowledge,"Treat Section 87 as a first-class workflow, not an exception path"
Spreadsheet + external reporting pack,"Strengthen versioning, assumptions tracking, and appendix logic"
Spreadsheet + external reporting pack,"Invest in permissions, logging, and governance controls"
Spreadsheet + external reporting pack,"Treat Section 87 as a first-class workflow, not an exception path"
Spreadsheet + external reporting pack,"Improve export fidelity for client, compliance, and leadership audiences"
Manual validation + institutional knowledge,Prioritize fast-path intake and answer-screen workflow
Manual validation + institutional knowledge,"Strengthen versioning, assumptions tracking, and appendix logic"
Manual validation + institutional knowledge,"Treat Section 87 as a first-class workflow, not an exception path"
Spreadsheets + checklists + templates,"Treat Section 87 as a first-class workflow, not an exception path"
Spreadsheets + checklists + templates,Prioritize fast-path intake and answer-screen workflow
Spreadsheets + checklists + templates,"Treat Section 87 as a first-class workflow, not an exception path"
Spreadsheets + checklists + templates,"Improve export fidelity for client, compliance, and leadership audiences"
Spreadsheet + external reporting pack,"Strengthen versioning, assumptions tracking, and appendix logic"
Spreadsheet + external reporting pack,"Treat Section 87 as a first-class workflow, not an exception path"
Spreadsheet + external reporting pack,"Improve export fidelity for client, compliance, and leadership audiences"
Manual validation + institutional knowledge,"Invest in permissions, logging, and governance controls"
Manual validation + institutional knowledge,"Treat Section 87 as a first-class workflow, not an exception path"
Manual validation + institutional knowledge,"Improve export fidelity for client, compliance, and leadership audiences"
Spreadsheets + checklists + templates,"Strengthen versioning, assumptions tracking, and appendix logic"
Spreadsheets + checklists + templates,"Treat Section 87 as a first-class workflow, not an exception path"
Spreadsheets + checklists + templates,"Improve export fidelity for client, compliance, and leadership audiences"
Manual validation + institutional knowledge,"Invest in permissions, logging, and governance controls"
Manual validation + institutional knowledge,"Treat Section 87 as a first-class workflow, not an exception path"
Manual validation + institutional knowledge,"Improve export fidelity for client, compliance, and leadership audiences"
Spreadsheets + checklists + templates,"Treat Section 87 as a first-class workflow, not an exception path"
Spreadsheets + checklists + templates,"Improve export fidelity for client, compliance, and leadership audiences"
Spreadsheets + checklists + templates,"Treat Section 87 as a first-class workflow, not an exception path"
Spreadsheets + checklists + templates,"Improve export fidelity for client, compliance, and leadership audiences"
Manual validation + institutional knowledge,"Treat Section 87 as a first-class workflow, not an exception path"
Manual validation + institutional knowledge,"Improve export fidelity for client, compliance, and leadership audiences"
Spreadsheet + external reporting pack,"Strengthen versioning, assumptions tracking, and appendix logic"
Spreadsheet + external reporting pack,"Invest in permissions, logging, and governance controls"
Spreadsheet + external reporting pack,"Treat Section 87 as a first-class workflow, not an exception path"
Spreadsheet + external reporting pack,"Improve export fidelity for client, compliance, and leadership audiences"
Spreadsheets + checklists + templates,"Strengthen versioning, assumptions tracking, and appendix logic"
Spreadsheets + checklists + templates,"Treat Section 87 as a first-class workflow, not an exception path"
Spreadsheets + checklists + templates,"Improve export fidelity for client, compliance, and leadership audiences"
Spreadsheet + external reporting pack,"Strengthen versioning, assumptions tracking, and appendix logic"
Spreadsheet + external reporting pack,"Invest in permissions, logging, and governance controls"
Spreadsheet + external reporting pack,"Treat Section 87 as a first-class workflow, not an exception path"
Spreadsheet + external reporting pack,"Improve export fidelity for client, compliance, and leadership audiences"
Manual validation + institutional knowledge,"Strengthen versioning, assumptions tracking, and appendix logic"
Manual validation + institutional knowledge,"Treat Section 87 as a first-class workflow, not an exception path"
Manual validation + institutional knowledge,"Improve export fidelity for client, compliance, and leadership audiences"
Manual validation + institutional knowledge,"Strengthen versioning, assumptions tracking, and appendix logic"
Manual validation + institutional knowledge,"Invest in permissions, logging, and governance controls"
Manual validation + institutional knowledge,"Treat Section 87 as a first-class workflow, not an exception path"
Manual validation + institutional knowledge,"Improve export fidelity for client, compliance, and leadership audiences"
Spreadsheet + external reporting pack,Prioritize fast-path intake and answer-screen workflow
Spreadsheet + external reporting pack,"Strengthen versioning, assumptions tracking, and appendix logic"
Spreadsheet + external reporting pack,"Treat Section 87 as a first-class workflow, not an exception path"
Spreadsheet + external reporting pack,"Improve export fidelity for client, compliance, and leadership audiences"
